,crRNA,DNA,GOP,MDE,CE,MMs,MisType,GMT,MOFF
0,GGGTGGGGGGAGTTTGCTCCNGG,GGATGGAGGGAGTTTGCTCCTGG,0.9251116,0.8058103449465223,0.34664461479856723,2,p18rGdT|p14rGdT,0.8558314573122381,0.2390592440326668
1,GGGTGGGGGGAGTTTGCTCCNGG,GGGTGGGGGGAGTTTGCTCCTGG,0.9251116,1.0,1.0,0,,1.0,1.0
2,GGGTGGGGGGAGTTTGCTCCNGG,TAGTGGAGGGAGCTTGCTCCTGG,0.9251116,1.001684236837426,0.17658646467573305,4,p20rGdA|p19rGdT|p14rGdT|p8rUdG,0.7324474833251892,0.12955815135846308
3,GGGTGGGGGGAGTTTGCTCCNGG,GGGGAGGGGAAGTTTGCTCCTGG,0.9251116,0.7595499570748118,0.14743511921017877,3,p17rUdC|p16rGdT|p11rGdT,0.7917396018002876,0.08866243554605664
4,GGGTGGGGGGAGTTTGCTCCNGG,GGGAGGGTGGAGTTTGCTCCTGG,0.9251116,0.2552875222548862,0.35885372845899793,2,p17rUdT|p13rGdA,0.8558314573122381,0.07840347224302593
5,GGGTGGGGGGAGTTTGCTCCNGG,CGGGGGAGGGAGTTTGCTCCTGG,0.9251116,0.8701601208837072,0.23790966530104674,3,p20rGdG|p17rUdC|p14rGdT,0.7917396018002876,0.1639055389633496
6,GGGTGGGGGGAGTTTGCTCCNGG,CTGGTGGGGGAGCTTGCTCCAGG,0.9251116,0.5532885380604119,0.09351290420754477,5,p20rGdG|p19rGdA|p17rUdC|p16rGdA|p8rUdG,0.6775956572205512,0.035058540502876476
7,GGGTGGGGGGAGTTTGCTCCNGG,GGGTGGGGGGAGTTTGCCCCAGG,0.9251116,0.6295186587742405,1.0,1,p3rUdG,0.9251115918159485,0.5823750084964785
8,GGGTGGGGGGAGTTTGCTCCNGG,GCGTGGGGGGTGTTTGCTCCCGG,0.9251116,0.4119237384397187,0.5315939006532678,2,p19rGdG|p10rAdA,0.8558314573122381,0.18740667490850021
9,GGGTGGGGGGAGTTTGCTCCNGG,GTGGGGGTAGAGTTTGCTCCAGG,0.9251116,0.3903259695816059,0.0849475363483182,4,p19rGdA|p17rUdC|p13rGdA|p12rGdT,0.7324474833251892,0.024285929293053118
10,GGGTGGGGGGAGTTTGCTCCNGG,GAGGGTGGGGAGTTTACTCCTGG,0.9251116,0.5222558283440035,0.07002670305946264,4,p19rGdT|p17rUdC|p15rGdA|p5rGdT,0.7324474833251892,0.02678696228551643
11,GGGTGGGGGGAGTTTGCTCCNGG,GGAGGAGGGGAGTCTGCTCCAGG,0.9251116,0.3531570637412077,0.07051803377628371,4,p18rGdT|p17rUdC|p15rGdT|p7rUdG,0.7324474833251892,0.01824082945910477
12,GGGTGGGGGGAGTTTGCTCCNGG,GGTGGGGGTGGGTTTGCTCCTGG,0.9251116,0.2530618414559646,0.06363604567835586,4,p18rGdA|p17rUdC|p12rGdA|p10rAdC,0.7324474833251892,0.011795227995053392
13,GGGTGGGGGGAGTTTGCTCCNGG,GAGGGGGAGCAGTTTGCTCCAGG,0.9251116,0.6734170190554712,0.09501139403603606,4,p19rGdT|p17rUdC|p13rGdT|p11rGdG,0.7324474833251892,0.04686366710334387
14,GGGTGGGGGGAGTTTGCTCCNGG,GAGTGGGTGGAGTTTGCTACAGG,0.9251116,0.22049485955868023,0.17208101283572116,3,p19rGdT|p13rGdA|p2rCdT,0.7917396018002876,0.030040958892918513
15,GGGTGGGGGGAGTTTGCTCCNGG,AGGTGGTGGGAGCTTGTTCCTGG,0.9251116,0.4638604853864518,0.0604290920842805,4,p20rGdT|p14rGdA|p8rUdG|p4rCdA,0.7324474833251892,0.02053099222203303
16,GGGTGGGGGGAGTTTGCTCCNGG,GGGCAAGGGGAGGTTGCTCCTGG,0.9251116,0.21311635813352564,0.06731779712620728,4,p17rUdG|p16rGdT|p15rGdT|p8rUdC,0.7324474833251892,0.010508075223289177
17,GGGTGGGGGGAGTTTGCTCCNGG,GGTGGGGGAGAGCTAGCTCCGGG,0.9251116,0.2848112890166673,0.01732569773519172,5,p18rGdA|p17rUdC|p12rGdT|p8rUdG|p6rUdT,0.6775956572205512,0.0033436325674365123
18,GGGTGGGGGGAGTTTGCTCCNGG,AGGAAGGAGGAGTTAGCTCCTGG,0.9251116,0.2708931867961928,0.04083959781032151,5,p20rGdT|p17rUdT|p16rGdT|p13rGdT|p6rUdT,0.6775956572205512,0.007496355132834664
19,GGGTGGGGGGAGTTTGCTCCNGG,GGTTGAGGGGAGTCTGCTCCAGG,0.9251116,0.3433308875288686,0.13807584651360552,3,p18rGdA|p15rGdT|p7rUdG,0.7917396018002876,0.03753297236071526
20,GGGTGGGGGGAGTTTGCTCCNGG,AAGTAAGGGAAGTTTGCTCCTGG,0.9251116,1.1175313098918747,0.053767036006838506,5,p20rGdT|p19rGdT|p16rGdT|p15rGdT|p11rGdT,0.6775956572205512,0.040714247228277683
21,GGGTGGGGGGAGTTTGCTCCNGG,AGGAAGGAGGAGTTAGCTCCTGG,0.9251116,0.2708931867961928,0.04083959781032151,5,p20rGdT|p17rUdT|p16rGdT|p13rGdT|p6rUdT,0.6775956572205512,0.007496355132834664
22,GACCCCCTCCACCCCGCCTCNGG,CTACCCCTCCACCCCGCCTCCGG,0.8628423,0.9499570733617533,0.7401358128095993,3,p20rGdG|p19rAdA|p18rCdT,0.6423834089562526,0.4516580086854313
23,GACCCCCTCCACCCCGCCTCNGG,ATTCCCCCCCACCCCGCCTCAGG,0.8628423,1.2416256718790382,0.26898368349400664,4,p20rGdT|p19rAdA|p18rCdA|p13rUdG,0.5542755918100081,0.18511532523429344
24,GACCCCCTCCACCCCGCCTCNGG,ACACCCCCCCACCCCGCCTCAGG,0.8628423,1.1185855061746623,0.26898368349400664,4,p20rGdT|p19rAdG|p18rCdT|p13rUdG,0.5542755918100081,0.16677113277186037
25,GACCCCCTCCACCCCGCCTCNGG,TGCCCCCCCCACCCCACCTCTGG,0.8628423,0.998698566300475,0.21926531301017624,4,p20rGdA|p19rAdC|p13rUdG|p5rGdT,0.5542755918100081,0.12137524345525653
26,GACCCCCTCCACCCCGCCTCNGG,CTCCCCCCCCACCCCGCCTCAGG,0.8628423,1.182230804277327,0.4520724036307803,3,p20rGdG|p19rAdA|p13rUdG,0.6423834089562526,0.34332433191785766
27,GACCCCCTCCACCCCGCCTCNGG,GCTTCCCTCCACCCCGCATCCGG,0.8628423,0.5902772206648225,0.12891922130154165,4,p19rAdG|p18rCdA|p17rCdA|p3rCdT,0.5542755918100081,0.042179308128147706
28,GACCCCCTCCACCCCGCCTCNGG,TACCCCCCACACCCCGCCTCTGG,0.8628423,0.9092336905047353,0.3033753613935426,3,p20rGdA|p13rUdG|p12rCdT,0.6423834089562526,0.17719446102686662
29,GACCCCCTCCACCCCGCCTCNGG,TGCCCCTCCCACCCCGCCTCTGG,0.8628423,0.7406426779598119,0.1912654816759804,4,p20rGdA|p19rAdC|p14rCdA|p13rUdG,0.5542755918100081,0.07851833588111254
30,GACCCCCTCCACCCCGCCTCNGG,GACCCCTCCCACCCCGACTCCGG,0.8628423,0.30580814587149896,0.1425040004721884,3,p14rCdA|p13rUdG|p4rCdT,0.6423834089562526,0.02799435216756872
31,GACCCCCTCCACCCCGCCTCNGG,GTACCCCACCACCCCGCCCCAGG,0.8628423,0.4100806626372504,0.09002391547955946,4,p19rAdA|p18rCdT|p13rUdT|p2rUdG,0.5542755918100081,0.02046222911112465
32,GACCCCCTCCACCCCGCCTCNGG,CCCCACCCCCACCCCGCCTCAGG,0.8628423,0.9337232969724641,0.1404972302817225,4,p20rGdG|p19rAdG|p16rCdT|p13rUdG,0.5542755918100081,0.07271294119868794
33,GACCCCCTCCACCCCGCCTCNGG,CCCCCCCCCCCCCCCGCCTCCGG,0.8628423,0.7203850115329137,0.1942554095985404,4,p20rGdG|p19rAdG|p13rUdG|p10rAdG,0.5542755918100081,0.07756459771374505
34,GACCCCCTCCACCCCGCCTCNGG,CACCCCCCCCCCCCCACCTCCGG,0.8628423,0.6239903985263231,0.08235939592669723,4,p20rGdG|p13rUdG|p10rAdG|p5rGdT,0.5542755918100081,0.028485038715691087
35,GACCCCCTCCACCCCGCCTCNGG,CCTCCCCCACACCCCGCATCCGG,0.8628423,0.551463771846069,0.03281654414022042,6,p20rGdG|p19rAdG|p18rCdA|p13rUdG|p12rCdT|p3rCdT,0.41265644410225605,0.00746789946441049
36,GACCCCCTCCACCCCGCCTCNGG,CCCCCTCCCCGCCCCGCCCCCGG,0.8628423,0.33000164627938705,0.020503064509964853,6,p20rGdG|p19rAdG|p15rCdA|p13rUdG|p10rAdC|p2rUdG,0.41265644410225605,0.0027920520876925405
37,GACCCCCTCCACCCCGCCTCNGG,GACCCCCTCCACCCCGCCTCCGG,0.8628423,1.0,1.0,0,,1.0,1.0
38,GACCCCCTCCACCCCGCCTCNGG,GGGCCCCTCCACCCCGCCTCTGG,0.8628423,0.7162611758587372,0.8579137829253523,2,p19rAdC|p18rCdC,0.7444968715918208,0.45748613198886834
39,GACCCCCTCCACCCCGCCTCNGG,CGCCCTCCCCACCCCGCCTCCGG,0.8628423,1.168429748056501,0.1528191707087018,4,p20rGdG|p19rAdC|p15rCdA|p13rUdG,0.5542755918100081,0.09897059893226927
40,GACCCCCTCCACCCCGCCTCNGG,GACACACCCCACCCCACCTCAGG,0.8628423,0.8952875155583248,0.0352954358841545,4,p17rCdT|p15rCdT|p13rUdG|p5rGdT,0.5542755918100081,0.01751486654000424
41,GACCCCCTCCACCCCGCCTCNGG,GACCCCCCCCACCCCGCCCCCGG,0.8628423,0.4847154059281206,0.28428326757182665,2,p13rUdG|p2rUdG,0.7444968715918208,0.10258904785918643
42,GACCCCCTCCACCCCGCCTCNGG,TCCCCCCCACCCCCCACCTCAGG,0.8628423,0.49418610265178253,0.025415881169138916,6,p20rGdA|p19rAdG|p13rUdG|p12rCdT|p10rAdG|p5rGdT,0.41265644410225605,0.005183037260273304
43,GACCCCCTCCACCCCGCCTCNGG,GACACCTTCCACCCCGTCTCTGG,0.8628423,0.3313816215751815,0.08130009233356333,3,p17rCdT|p14rCdA|p4rCdA,0.6423834089562526,0.017306680386506172
44,GACCCCCTCCACCCCGCCTCNGG,GCCCCCACCCACCCCGCCTCTGG,0.8628423,0.8467218138166897,0.22008823280223253,3,p19rAdG|p14rCdT|p13rUdG,0.6423834089562526,0.11971040153315922
45,GACCCCCTCCACCCCGCCTCNGG,CATCCCCCCCACCCCACCCCGGG,0.8628423,0.4273988221939646,0.02812340802183502,5,p20rGdG|p18rCdA|p13rUdG|p5rGdT|p2rUdG,0.47825243833041925,0.005748551966466728
46,GACCCCCTCCACCCCGCCTCNGG,CTGCCCCCCCACCCCGCCACTGG,0.8628423,0.4309499166583009,0.09161259414082382,5,p20rGdG|p19rAdA|p18rCdC|p13rUdG|p2rUdT,0.47825243833041925,0.018881616605412745
47,GACCCCCTCCACCCCGCCTCNGG,CCCCCCCCCCCCCCCGCCTCAGG,0.8628423,0.7203850115329137,0.1942554095985404,4,p20rGdG|p19rAdG|p13rUdG|p10rAdG,0.5542755918100081,0.07756459771374505
48,GACCCCCTCCACCCCGCCTCNGG,GCCCCCCACCACCCCACCTCGGG,0.8628423,0.9013521924821616,0.22338485523394427,3,p19rAdG|p13rUdT|p5rGdT,0.6423834089562526,0.12934289022983586
49,GACCCCCTCCACCCCGCCTCNGG,CCCCCCCCCCCCCCCGCCCCGGG,0.8628423,0.31523988076710957,0.05712352325309881,5,p20rGdG|p19rAdG|p13rUdG|p10rAdG|p2rUdG,0.47825243833041925,0.008612184662821902
50,GACCCCCTCCACCCCGCCTCNGG,TGCCCCCCCCACCCCGCCCCCGG,0.8628423,0.5015925090836113,0.16473688283575344,4,p20rGdA|p19rAdC|p13rUdG|p2rUdG,0.5542755918100081,0.04580022803369637
51,GACCCCCTCCACCCCGCCTCNGG,CTTCCCCCACACCCCGCCCCAGG,0.8628423,0.3925208847581563,0.030809519790330978,6,p20rGdG|p19rAdA|p18rCdA|p13rUdG|p12rCdT|p2rUdG,0.41265644410225605,0.00499041117439048
52,GACCCCCTCCACCCCGCCTCNGG,AGGCCCCCCCGCCCCGCCTCAGG,0.8628423,0.5658064807089438,0.10706199866167848,5,p20rGdT|p19rAdC|p18rCdC|p13rUdG|p10rAdC,0.47825243833041925,0.02897079793962782
53,GACCCCCTCCACCCCGCCTCNGG,TACCCCCCCCACCCCGCCACAGG,0.8628423,0.5833479475800001,0.24336977902499424,3,p20rGdA|p13rUdG|p2rUdT,0.6423834089562526,0.09119869791063796
54,GACCCCCTCCACCCCGCCTCNGG,CATACCCCCCACCCCGCCCCGGG,0.8628423,0.4558091320374306,0.054052670180122386,5,p20rGdG|p18rCdA|p17rCdT|p13rUdG|p2rUdG,0.47825243833041925,0.011783040424637993
55,GACCCCCTCCACCCCGCCTCNGG,CGCCCTCCCCACTCCGCCTCGGG,0.8628423,0.9098042661931965,0.0683264523795655,5,p20rGdG|p19rAdC|p15rCdA|p13rUdG|p8rCdA,0.47825243833041925,0.02972994008137712
56,GACCCCCTCCACCCCGCCTCNGG,GAGCTCCCCCACCCCGCCCCGGG,0.8628423,0.297789410201882,0.040428262499789036,4,p18rCdC|p16rCdA|p13rUdG|p2rUdG,0.5542755918100081,0.006672983958382992
57,GACCCCCTCCACCCCGCCTCNGG,GACCCCTCACACCCCGCCCCTGG,0.8628423,0.24480347563781837,0.045017536302647376,4,p14rCdA|p13rUdG|p12rCdT|p2rUdG,0.5542755918100081,0.00610836608633691
58,GACCCCCTCCACCCCGCCTCNGG,CCCCCCCACCACCCCGCCCCGGG,0.8628423,0.4719655815138103,0.16473688283575344,4,p20rGdG|p19rAdG|p13rUdT|p2rUdG,0.5542755918100081,0.04309500414366315
59,GACCCCCTCCACCCCGCCTCNGG,CTCCCCCGCCACCCCGCCCCAGG,0.8628423,0.24893486486430746,0.16473688283575344,4,p20rGdG|p19rAdA|p13rUdC|p2rUdG,0.5542755918100081,0.02273015120810382
60,GACCCCCTCCACCCCGCCTCNGG,CCACCCCCCCACCCCGCCCCTGG,0.8628423,0.4524230208910678,0.09161259414082382,5,p20rGdG|p19rAdG|p18rCdT|p13rUdG|p2rUdG,0.47825243833041925,0.01982243804609224
61,GACCCCCTCCACCCCGCCTCNGG,GACCCTGTCCACCCCACCTCAGG,0.8628423,0.58354779036761,0.08916301953300429,3,p15rCdA|p14rCdC|p5rGdT,0.6423834089562526,0.03342377601245056
62,GACCCCCTCCACCCCGCCTCNGG,TCCACCCCCCACCCCGCCCCGGG,0.8628423,0.47578596993523475,0.07389019989329229,5,p20rGdA|p19rAdG|p17rCdT|p13rUdG|p2rUdG,0.47825243833041925,0.016813404664977005
63,GACCCCCTCCACCCCGCCTCNGG,CACTCCCCCCACCCCGCCCCAGG,0.8628423,0.48823753250010477,0.10532365057860289,4,p20rGdG|p17rCdA|p13rUdG|p2rUdG,0.5542755918100081,0.028502491183331622
64,GACCCCCTCCACCCCGCCTCNGG,AGCCCCCCCCACCCCGACTCAGG,0.8628423,0.5260301755127155,0.21768439248239171,4,p20rGdT|p19rAdC|p13rUdG|p4rCdT,0.5542755918100081,0.06346929940896272
65,GACCCCCTCCACCCCGCCTCNGG,CATTCCCCCCACCCCACCTCAGG,0.8628423,0.9436305223556605,0.0601885095583286,5,p20rGdG|p18rCdA|p17rCdA|p13rUdG|p5rGdT,0.47825243833041925,0.027162689048849237
66,GACCCCCTCCACCCCGCCTCNGG,CCCCCCCCCCGCCCCGCCCCCCG,0.8628423,0.3213798513402953,0.05712352325309881,5,p20rGdG|p19rAdG|p13rUdG|p10rAdC|p2rUdG,0.47825243833041925,0.008779925369587467
67,GACCCCCTCCACCCCGCCTCNGG,ATCCCCCTCCACCCCACCCCTGG,0.8628423,0.4402803166237135,0.11548207442125744,4,p20rGdT|p19rAdA|p5rGdT|p2rUdG,0.5542755918100081,0.028181856620421733
68,GACCCCCTCCACCCCGCCTCNGG,CAACCCCCCCACCCCGCTTCAGG,0.8628423,0.5228527298828739,0.10763507939685502,4,p20rGdG|p18rCdT|p13rUdG|p3rCdA,0.5542755918100081,0.03119313104358552
69,GACCCCCTCCACCCCGCCTCNGG,CCCCCCCCCCACCCCGCCCCCGG,0.8628423,0.5083146757944773,0.16473688283575344,4,p20rGdG|p19rAdG|p13rUdG|p2rUdG,0.5542755918100081,0.04641402661055444
70,GACCCCCTCCACCCCGCCTCNGG,CCACCCCCCCACCCCGCCCCAGG,0.8628423,0.4524230208910678,0.09161259414082382,5,p20rGdG|p19rAdG|p18rCdT|p13rUdG|p2rUdG,0.47825243833041925,0.01982243804609224
71,GACCCCCTCCACCCCGCCTCNGG,CTCCCTCCCCACCCCACCTCTGG,0.8628423,1.057692933561231,0.05969728016318966,5,p20rGdG|p19rAdA|p15rCdA|p13rUdG|p5rGdT,0.47825243833041925,0.030197524387744576
72,GACCCCCTCCACCCCGCCTCNGG,AGGCCCCCACACCCCGCCTCAGG,0.8628423,0.6994851496862592,0.10213054828680275,5,p20rGdT|p19rAdC|p18rCdC|p13rUdG|p12rCdT,0.47825243833041925,0.03416578117900409
73,GACCCCCTCCACCCCGCCTCNGG,ACCCCCCCCCCCCCCGCCCCCGG,0.8628423,0.34106891010452733,0.05712352325309881,5,p20rGdT|p19rAdG|p13rUdG|p10rAdG|p2rUdG,0.47825243833041925,0.009317819907239538
74,GACCCCCTCCACCCCGCCTCNGG,GCCCCCCCCAACCCCGCCCCCGG,0.8628423,0.2508426647127794,0.07033949326832346,4,p19rAdG|p13rUdG|p11rCdT|p2rUdG,0.5542755918100081,0.009779719425100752
75,GACCCCCTCCACCCCGCCTCNGG,CAGTCCCCCCACCCCACCTCTGG,0.8628423,0.706627188734927,0.0601885095583286,5,p20rGdG|p18rCdC|p17rCdA|p13rUdG|p5rGdT,0.47825243833041925,0.020340476644560068
76,GACCCCCTCCACCCCGCCTCNGG,CACCCACTACTCCCCGCCTCAGG,0.8628423,0.397214531741484,0.0885077575904366,4,p20rGdG|p15rCdT|p12rCdT|p10rAdA,0.5542755918100081,0.019486427249740177
77,GACCCCCTCCACCCCGCCTCNGG,AAGACCCCCCACCCCGCCCCAGG,0.8628423,0.3692940959321186,0.054052670180122386,5,p20rGdT|p18rCdC|p17rCdT|p13rUdG|p2rUdG,0.47825243833041925,0.00954655568548583
78,GACCCCCTCCACCCCGCCTCNGG,CCGCCCCCCCACCCCGCCGCCGG,0.8628423,0.20958027113916797,0.09161259414082382,5,p20rGdG|p19rAdG|p18rCdC|p13rUdG|p2rUdC,0.47825243833041925,0.00918253879335562
79,GACCCCCTCCACCCCGCCTCNGG,CTCCCCCCCCTCCCCGCCTCGGG,0.8628423,0.5772299795770295,0.1942554095985404,4,p20rGdG|p19rAdA|p13rUdG|p10rAdA,0.5542755918100081,0.0621509476702375
80,GACCCCCTCCACCCCGCCTCNGG,AACCACCCCCACCCCACCCCAGG,0.8628423,0.3829207483191776,0.019375610672629315,5,p20rGdT|p16rCdT|p13rUdG|p5rGdT|p2rUdG,0.47825243833041925,0.003548309477114498
81,GACCCCCTCCACCCCGCCTCNGG,GTCACTCCCCACCCCGCCTCTGG,0.8628423,1.0819572722115745,0.0778960257425294,4,p19rAdA|p17rCdT|p15rCdA|p13rUdG,0.5542755918100081,0.04671444195181371
82,GACCCCCTCCACCCCGCCTCNGG,GTCCTCCACCACCCCGCCTCTGG,0.8628423,0.88987168213908,0.15485694511787662,3,p19rAdA|p16rCdA|p13rUdT,0.6423834089562526,0.08852223900762686
83,GACCCCCTCCACCCCGCCTCNGG,GACCCCACCTACCCCACCTCAGG,0.8628423,0.5892644036954191,0.036903791147729584,4,p14rCdT|p13rUdG|p11rCdA|p5rGdT,0.5542755918100081,0.012053327172998302
84,GACCCCCTCCACCCCGCCTCNGG,GCCCCCCACCACCCCACCCCCGG,0.8628423,0.3944309683548534,0.03746785269416209,4,p19rAdG|p13rUdT|p5rGdT|p2rUdG,0.5542755918100081,0.00819135153530959
85,GACCCCCTCCACCCCGCCTCNGG,GGGCCCTCCCACCTCGCCCCTGG,0.8628423,0.138077374760424,0.008841962765724803,6,p19rAdC|p18rCdC|p14rCdA|p13rUdG|p7rCdA|p2rUdG,0.41265644410225605,0.0005038019388428846
86,GACCCCCTCCACCCCGCCTCNGG,CTCACCCCCCACCCCACCTCTGG,0.8628423,0.9571317294848922,0.08810253666218554,5,p20rGdG|p19rAdA|p17rCdT|p13rUdG|p5rGdT,0.47825243833041925,0.04032898755873972
87,GACCCCCTCCACCCCGCCTCNGG,ATGCCCCACCCCCCCGCCCCCGG,0.8628423,0.23428350861801076,0.031237911588817956,6,p20rGdT|p19rAdA|p18rCdC|p13rUdT|p10rAdG|p2rUdG,0.41265644410225605,0.0030200375461516887
88,GACCCCCTCCACCCCGCCTCNGG,GTCCCCCTCCTCCCCACCTCCGG,0.8628423,0.43551109077614314,0.1569521147685641,3,p19rAdA|p10rAdA|p5rGdT,0.6423834089562526,0.043909723947052885
89,GACCCCCTCCACCCCGCCTCNGG,GTCCCTCCCCACCCCGCCTTGGG,0.8628423,0.5018582960517106,0.08052829186859714,4,p19rAdA|p15rCdA|p13rUdG|p1rCdA,0.5542755918100081,0.022400378112890446
90,GACCCCCTCCACCCCGCCTCNGG,AACACCCTCCACCCCACCACAGG,0.8628423,0.4579502995460209,0.0645399350331312,4,p20rGdT|p17rCdT|p5rGdT|p2rUdT,0.5542755918100081,0.016382215164226426
91,GACCCCCTCCACCCCGCCTCNGG,GCCGCCCCCCACTCCGCCTCCGG,0.8628423,0.4190388855480754,0.09445414271436745,4,p19rAdG|p17rCdC|p13rUdG|p8rCdA,0.5542755918100081,0.021938205031386524
92,GACCCCCTCCACCCCGCCTCNGG,CTACCCCCACTCCCCGCCTCCGG,0.8628423,0.40156652619062533,0.04026352187036373,6,p20rGdG|p19rAdA|p18rCdT|p13rUdG|p12rCdT|p10rAdA,0.41265644410225605,0.006672028540240635
93,GACCCCCTCCACCCCGCCTCNGG,TTCTCCCTCCTCCCCGCCTCGGG,0.8628423,0.507169465135491,0.20335720328957282,4,p20rGdA|p19rAdA|p17rCdA|p10rAdA,0.5542755918100081,0.05716608006155471
94,GACCCCCTCCACCCCGCCTCNGG,AAGCCCCCCCACCCCGCCCCGGG,0.8628423,0.39743196389667873,0.11445408441309729,4,p20rGdT|p18rCdC|p13rUdG|p2rUdG,0.5542755918100081,0.025212728236296215
95,GACCCCCTCCACCCCGCCTCNGG,CCGCCCCTCCACCCCGCCACTGG,0.8628423,0.3822701220255865,0.2804309572731054,4,p20rGdG|p19rAdG|p18rCdC|p2rUdT,0.5542755918100081,0.05941855199185039
96,GACCCCCTCCACCCCGCCTCNGG,TATCCTCCCCACCCCGCCCCGGG,0.8628423,0.5073881525084122,0.03940217401939357,5,p20rGdA|p18rCdA|p15rCdA|p13rUdG|p2rUdG,0.47825243833041925,0.009561316618736666
97,GACCCCCTCCACCCCGCCTCNGG,TGCACCCCCCACCCCGCCCCTGG,0.8628423,0.4660801570970552,0.07389019989329229,5,p20rGdA|p19rAdC|p17rCdT|p13rUdG|p2rUdG,0.47825243833041925,0.016470419017726716
98,GACCCCCTCCACCCCGCCTCNGG,ATCCCTCTCCACCCCACCCCAGG,0.8628423,0.4520919052775045,0.038964801784468386,5,p20rGdT|p19rAdA|p15rCdA|p5rGdT|p2rUdG,0.47825243833041925,0.00842473783694229
99,GACCCCCTCCACCCCGCCTCNGG,ACTCCCCTCCACCCCGGCTCGGG,0.8628423,0.15082735705789782,0.2966326328096068,4,p20rGdT|p19rAdG|p18rCdA|p4rCdC,0.5542755918100081,0.0247984651418579
100,GACCCCCTCCACCCCGCCTCNGG,TGCCCCCTCTGCCCCGCCCCCGG,0.8628423,0.23002917483883598,0.05158106911425067,5,p20rGdA|p19rAdC|p11rCdA|p10rAdC|p2rUdG,0.47825243833041925,0.005674537284833047
101,GACCCCCTCCACCCCGCCTCNGG,AACCCCACCCACCCCATCTCAGG,0.8628423,0.45660307166319714,0.03194273512567082,5,p20rGdT|p14rCdT|p13rUdG|p5rGdT|p4rCdA,0.47825243833041925,0.006975384017548305
102,GACCCCCTCCACCCCGCCTCNGG,AGCCAACCCCACCCCGCCTCTGG,0.8628423,0.9879862605117289,0.05374936199932543,5,p20rGdT|p19rAdC|p16rCdT|p15rCdT|p13rUdG,0.47825243833041925,0.02539694108962797
103,GACCCCCTCCACCCCGCCTCNGG,AGCCCCCACCTCCCCGCCTCGGG,0.8628423,0.5581236311769452,0.1942554095985404,4,p20rGdT|p19rAdC|p13rUdT|p10rAdA,0.5542755918100081,0.060093747418003385
104,GACCCCCTCCACCCCGCCTCNGG,TCCCCACCCCGCCCCGCCTCTGG,0.8628423,0.7385745173012817,0.06132931870919972,5,p20rGdA|p19rAdG|p15rCdT|p13rUdG|p10rAdC,0.47825243833041925,0.02166305251313474
105,GACCCCCTCCACCCCGCCTCNGG,TCCCACCCCCACCCCGCCACGGG,0.8628423,0.471667919426012,0.05302664001061348,5,p20rGdA|p19rAdG|p16rCdT|p13rUdG|p2rUdT,0.47825243833041925,0.011961554980922696
106,GACCCCCTCCACCCCGCCTCNGG,ACACCCCCCCACCCCACCCCAGG,0.8628423,0.4264867516803105,0.025560364588214955,6,p20rGdT|p19rAdG|p18rCdT|p13rUdG|p5rGdT|p2rUdG,0.41265644410225605,0.0044984326285085925
107,GACCCCCTCCACCCCGCCTCNGG,GACCCCTACCACCCCATCTCAGG,0.8628423,0.31957053869133517,0.029293490784575563,4,p14rCdA|p13rUdT|p5rGdT|p4rCdA,0.5542755918100081,0.005188760400823772
108,GACCCCCTCCACCCCGCCTCNGG,CCGCCCCCCCACCCCAACTCCGG,0.8628423,0.31433762302260193,0.03759555374218339,6,p20rGdG|p19rAdG|p18rCdC|p13rUdG|p5rGdT|p4rCdT,0.41265644410225605,0.0048766488213065964
109,GACCCCCTCCACCCCGCCTCNGG,GTCCCCTCCCACCCCGCCTCCAG,0.8628423,0.7327186667712964,0.22008823280223253,3,p19rAdA|p14rCdA|p13rUdG,0.6423834089562526,0.10359251926515567
110,GACCCCCTCCACCCCGCCTCNGG,AACCTCCCCCACCCCACCCCAGG,0.8628423,0.4026182858063045,0.019375610672629315,5,p20rGdT|p16rCdA|p13rUdG|p5rGdT|p2rUdG,0.47825243833041925,0.0037308353894558483
111,GACCCCCTCCACCCCGCCTCNGG,TGGCCCCTCCGCCCCACCTCTGG,0.8628423,0.414367689292426,0.10311665997533577,5,p20rGdA|p19rAdC|p18rCdC|p10rAdC|p5rGdT,0.47825243833041925,0.02043487163262238
112,GACCCCCTCCACCCCGCCTCNGG,CACCCCCTCCCCTCCGCCTCAGG,0.8628423,0.5034461950157672,0.21720586080942864,3,p20rGdG|p10rAdG|p8rCdA,0.6423834089562526,0.07024556632122135
113,GACCCCCTCCACCCCGCCTCNGG,CCCCCCTCCCACCCCGCCTCTAG,0.8628423,0.7505685111097605,0.1912654816759804,4,p20rGdG|p19rAdG|p14rCdA|p13rUdG,0.5542755918100081,0.07957061105287876
114,GACCCCCTCCACCCCGCCTCNGG,CTACCCCTCCACCCCGACTCGGA,0.8628423,0.4058901530593117,0.2966326328096068,4,p20rGdG|p19rAdA|p18rCdT|p4rCdT,0.5542755918100081,0.0667349279892301
115,GACCCCCTCCACCCCGCCTCNGG,AGACCCCCCCACCCCACCCCAGG,0.8628423,0.4177866200006486,0.025560364588214955,6,p20rGdT|p19rAdC|p18rCdT|p13rUdG|p5rGdT|p2rUdG,0.41265644410225605,0.004406666691897626
116,GACCCCCTCCACCCCGCCTCNGG,ACGCCCCCCCACCCCACGTCTGG,0.8628423,0.0755985153965102,0.028370824311027203,6,p20rGdT|p19rAdG|p18rCdC|p13rUdG|p5rGdT|p3rCdC,0.41265644410225605,0.0008850623219666797
117,GACCCCCTCCACCCCGCCTCNGG,GGCCCACTCCACTCCGTCTCCGG,0.8628423,0.422774121445651,0.051851376631887394,4,p19rAdC|p15rCdT|p8rCdA|p4rCdA,0.5542755918100081,0.012150508155387962
118,GACCCCCTCCACCCCGCCTCNGG,CACACCCACCACCCCGCCTCAGA,0.8628423,0.9963152594807461,0.2867674826025704,3,p20rGdG|p17rCdT|p13rUdT,0.6423834089562526,0.18353588978200605
119,GACCCCCTCCACCCCGCCTCNGG,CACCCCCCGCACCCCGCCCCAGG,0.8628423,0.3854231891898561,0.08703769593798925,4,p20rGdG|p13rUdG|p12rCdC|p2rUdG,0.5542755918100081,0.018593920975188114
120,GACCCCCTCCACCCCGCCTCNGG,CGCCCACCCCACCCCACCTCAGG,0.8628423,0.9898007177883419,0.05969728016318966,5,p20rGdG|p19rAdC|p15rCdT|p13rUdG|p5rGdT,0.47825243833041925,0.02825917652090488
121,GACCCCCTCCACCCCGCCTCNGG,CCCCACCCCCACCCCGCCCCCGG,0.8628423,0.40859653670573853,0.05302664001061348,5,p20rGdG|p19rAdG|p16rCdT|p13rUdG|p2rUdG,0.47825243833041925,0.01036205715404174
122,GACCCCCTCCACCCCGCCTCNGG,GCCACCCCCCACCCCACCCCAGG,0.8628423,0.3947325112757398,0.017655479308004485,5,p19rAdG|p17rCdT|p13rUdG|p5rGdT|p2rUdG,0.47825243833041925,0.0033330329165555147
123,GACCCCCTCCACCCCGCCTCNGG,GACACACCCCCCCCCGCCTCCGG,0.8628423,0.6372519361781033,0.04592325927044308,4,p17rCdT|p15rCdT|p13rUdG|p10rAdG,0.5542755918100081,0.016220701088429736
124,GACCCCCTCCACCCCGCCTCNGG,AACCTCCACCTCCCCGCCTCAGG,0.8628423,0.47871983926235523,0.09306831224078072,4,p20rGdT|p16rCdA|p13rUdT|p10rAdA,0.5542755918100081,0.02469499932223464
125,GACCCCCTCCACCCCGCCTCNGG,CCACCATCCCACCCCGCCTCTGG,0.8628423,0.6669374981661148,0.030316446751042305,6,p20rGdG|p19rAdG|p18rCdT|p15rCdT|p14rCdA|p13rUdG,0.41265644410225605,0.008343572919842997
126,GACCCCCTCCACCCCGCCTCNGG,TCTCCCCTCCACCCCGCCCTCGG,0.8628423,0.193401449755149,0.08193644122715286,5,p20rGdA|p19rAdG|p18rCdA|p2rUdG|p1rCdA,0.47825243833041925,0.007578687773031831
127,GACCCCCTCCACCCCGCCTCNGG,CACCTCCACAACTCCGCCTCTGG,0.8628423,0.3630338767070405,0.032707461311881444,5,p20rGdG|p16rCdA|p13rUdT|p11rCdT|p8rCdA,0.47825243833041925,0.005678729507799447
128,GACCCCCTCCACCCCGCCTCNGG,AGGCCCTCCCACCCCGCATCAGG,0.8628423,0.3618202853268499,0.03375824453570263,6,p20rGdT|p19rAdC|p18rCdC|p14rCdA|p13rUdG|p3rCdT,0.41265644410225605,0.005040358162499087
129,GACCCCCTCCACCCCGCCTCNGG,ACTCCCCTCCACCCCACCTCTGA,0.8628423,0.9596085489944908,0.37173548194138445,4,p20rGdT|p19rAdG|p18rCdA|p5rGdT,0.5542755918100081,0.1977214919863482
130,GACCCCCTCCACCCCGCCTCNGG,TCCCCCCTCCACCCCCGCCCCCG,0.8628423,0.006849579619662996,0.024084603582166384,5,p20rGdA|p19rAdG|p5rGdG|p4rCdC|p2rUdG,0.47825243833041925,7.889702250785638e-05
131,GACCCCCTCCACCCCGCCTCNGG,TACTCCCCCCACCCAGCCTCAGG,0.8628423,0.2517830877415072,0.11368618338972228,4,p20rGdA|p17rCdA|p13rUdG|p6rCdT,0.5542755918100081,0.01586572770237755
132,GACCCCCTCCACCCCGCCTCNGG,CACCCCCCCCCCCCCGCCCCCGG,0.8628423,0.31339677476490246,0.08056341729329393,4,p20rGdG|p13rUdG|p10rAdG|p2rUdG,0.5542755918100081,0.013994524818511657
133,GACCCCCTCCACCCCGCCTCNGG,GCCTCCCCCCACCCAGCCTCGGG,0.8628423,0.241159615371754,0.09101101861038488,4,p19rAdG|p17rCdA|p13rUdG|p6rCdT,0.5542755918100081,0.012165341701710913
134,GACCCCCTCCACCCCGCCTCNGG,AGCCGCCCCCACCCCGCCCCCGG,0.8628423,0.38807447969728714,0.05302664001061348,5,p20rGdT|p19rAdC|p16rCdC|p13rUdG|p2rUdG,0.47825243833041925,0.009841615328091507
135,GACCCCCTCCACCCCGCCTCNGG,TCCCCCCACCACCCCACCCCCGG,0.8628423,0.41422815104734634,0.044081477195302934,5,p20rGdA|p19rAdG|p13rUdT|p5rGdT|p2rUdG,0.47825243833041925,0.00873278851415101
136,GACCCCCTCCACCCCGCCTCNGG,AACACCCCCCACCCCACCCCGGG,0.8628423,0.44264589194821635,0.024041247659196595,5,p20rGdT|p17rCdT|p13rUdG|p5rGdT|p2rUdG,0.47825243833041925,0.005089447435530506
137,GACCCCCTCCACCCCGCCTCNGG,GGCCCCACCCACCCCGCCTTCTG,0.8628423,0.35749526989616576,0.08829503140070744,4,p19rAdC|p14rCdT|p13rUdG|p1rCdA,0.5542755918100081,0.01749574013986022
138,GACCCCCTCCACCCCGCCTCNGG,CCCCCACCCCACCCCGCCTCCAG,0.8628423,1.1596819866828278,0.1528191707087018,4,p20rGdG|p19rAdG|p15rCdT|p13rUdG,0.5542755918100081,0.09822962911024183
139,GACCCCCTCCACCCCGCCTCNGG,CCGCCCCTGCACCCAGCCTCCGG,0.8628423,0.1302494550016386,0.1287476269272536,5,p20rGdG|p19rAdG|p18rCdC|p12rCdC|p6rCdT,0.47825243833041925,0.008019962554908295
140,GACCCCCTCCACCCCGCCTCNGG,CCCCCTCCCCACCCCGCCGCAGG,0.8628423,0.29605476921362855,0.06138299194223223,5,p20rGdG|p19rAdG|p15rCdA|p13rUdG|p2rUdC,0.47825243833041925,0.008691151244254172
141,GACCCCCTCCACCCCGCCTCNGG,CACCCCGCCCACCCCGCCCCTGG,0.8628423,0.32961359350139074,0.10739889834877321,4,p20rGdG|p14rCdC|p13rUdG|p2rUdG,0.5542755918100081,0.019621431787629203
142,GACCCCCTCCACCCCGCCTCNGG,ACCCCACCCCACCCCGTCTCCGG,0.8628423,0.6925076242817543,0.0662483294203216,5,p20rGdT|p19rAdG|p15rCdT|p13rUdG|p4rCdA,0.47825243833041925,0.02194101343166532
143,GACCCCCTCCACCCCGCCTCNGG,AGTCCCATCCACCCCGCCTAAGG,0.8628423,0.3155661753614444,0.1095331698517879,5,p20rGdT|p19rAdC|p18rCdA|p14rCdT|p1rCdT,0.47825243833041925,0.016530778067667756
144,GACCCCCTCCACCCCGCCTCNGG,CCGCCCCCCCATCCCGCCCCAGG,0.8628423,0.2755981315166044,0.03150032155930615,6,p20rGdG|p19rAdG|p18rCdC|p13rUdG|p9rCdA|p2rUdG,0.41265644410225605,0.003582447936101471
145,GACCCCCTCCACCCCGCCTCNGG,CGTCCCCCCCCCCCCGCCTCAGG,0.8628423,0.6850165813546341,0.10706199866167848,5,p20rGdG|p19rAdC|p18rCdA|p13rUdG|p10rAdG,0.47825243833041925,0.03507467241954131
146,GACCCCCTCCACCCCGCCTCNGG,GACCCCCCCCCCCCGCCCCCGGG,0.8628423,0.0034461880703323066,0.0017813069770550147,5,p13rUdG|p10rAdG|p6rCdC|p5rGdG|p2rUdG,0.47825243833041925,2.9358572601153588e-06
147,GACCCCCTCCACCCCGCCTCNGG,CTCCCCCTCCACCCCACCTCCAG,0.8628423,0.9299333113401781,0.58441315015209,3,p20rGdG|p19rAdA|p5rGdT,0.6423834089562526,0.34911306374182577
148,GACCCCCTCCACCCCGCCTCNGG,CCCCCCCCCCCCCCCGCCCCGGG,0.8628423,0.31523988076710957,0.05712352325309881,5,p20rGdG|p19rAdG|p13rUdG|p10rAdG|p2rUdG,0.47825243833041925,0.008612184662821902
149,GACCCCCTCCACCCCGCCTCNGG,GGCTCCCTCCGCCCCGCCCCGGG,0.8628423,0.26339240193368824,0.07221086062811007,4,p19rAdC|p17rCdA|p10rAdC|p2rUdG,0.5542755918100081,0.010542206481611908
150,GACCCCCTCCACCCCGCCTCNGG,TAGCCCCTCCACCCCACCACAGG,0.8628423,0.33354390205727963,0.081081685848333,4,p20rGdA|p18rCdC|p5rGdT|p2rUdT,0.5542755918100081,0.014989996431418871
151,GACCCCCTCCACCCCGCCTCNGG,GACCCCACCCACCCCGCCGCAGG,0.8628423,0.20893565315989351,0.12823144660297392,3,p14rCdT|p13rUdG|p2rUdC,0.6423834089562526,0.017210814054314894
152,GACCCCCTCCACCCCGCCTCNGG,AGTAGCCCCCACCCCGCCTCGGG,0.8628423,0.7998998267054426,0.04065568725780902,6,p20rGdT|p19rAdC|p18rCdA|p17rCdT|p16rCdC|p13rUdG,0.41265644410225605,0.013419784478605501
153,GACCCCCTCCACCCCGCCTCNGG,GCCACCCACCACCCCACCTCAGG,0.8628423,0.8375371718357012,0.08845243352660526,4,p19rAdG|p17rCdT|p13rUdT|p5rGdT,0.5542755918100081,0.041061955811761405
154,GACCCCCTCCACCCCGCCTCNGG,TTCCCCTTCCACCCAGCCTCTGG,0.8628423,0.15563167504493458,0.17135633808423897,4,p20rGdA|p19rAdA|p14rCdA|p6rCdT,0.5542755918100081,0.014781684167790703
155,GACCCCCTCCACCCCGCCTCNGG,AACCCTCTCCACCCAGTCTCAGG,0.8628423,0.14321376778470815,0.06609332696723078,4,p20rGdT|p15rCdA|p6rCdT|p4rCdA,0.5542755918100081,0.0052464814139607735
156,GACCCCCTCCACCCCGCCTCNGG,GGCCCTCTCCACTCCACCTCAGG,0.8628423,0.6864332456414141,0.04341890685824603,4,p19rAdC|p15rCdA|p8rCdA|p5rGdT,0.5542755918100081,0.016519730149157915
157,GACCCCCTCCACCCCGCCTCNGG,GTCCCCCTCCTCCCCGTCTCAGG,0.8628423,0.27588241406681746,0.1518655044850273,3,p19rAdA|p10rAdA|p4rCdA,0.6423834089562526,0.02691395181156803
158,GACCCCCTCCACCCCGCCTCNGG,GACCCCCCCCACCCCACCCCAGG,0.8628423,0.4223249060093966,0.04201222825954638,3,p13rUdG|p5rGdT|p2rUdG,0.6423834089562526,0.01139768699771284
159,GACCCCCTCCACCCCGCCTCNGG,TGCCCCCTCCACCCCACCTCTGA,0.8628423,0.901621147329775,0.58441315015209,3,p20rGdA|p19rAdC|p5rGdT,0.6423834089562526,0.33848418724251184
160,GACCCCCTCCACCCCGCCTCNGG,GGCTCACCCCACCCCACCTCTGG,0.8628423,0.9172626635899368,0.025442717574116615,5,p19rAdC|p17rCdA|p15rCdT|p13rUdG|p5rGdT,0.47825243833041925,0.01116129035653492
161,GACCCCCTCCACCCCGCCTCNGG,TTTCCCCCCCACCCCAACTCAGG,0.8628423,0.43035169818174174,0.03759555374218339,6,p20rGdA|p19rAdA|p18rCdA|p13rUdG|p5rGdT|p4rCdT,0.41265644410225605,0.0066764966964657025
162,GACCCCCTCCACCCCGCCTCNGG,CCCCACCCCCACCCCACCTCTGG,0.8628423,0.8135384161714813,0.0639896988929743,5,p20rGdG|p19rAdG|p16rCdT|p13rUdG|p5rGdT,0.47825243833041925,0.024896902876357214
163,GACCCCCTCCACCCCGCCTCNGG,CCCCCCCCTCACCCCGCCCCTGG,0.8628423,0.47656273236461166,0.0588543875782604,5,p20rGdG|p19rAdG|p13rUdG|p12rCdA|p2rUdG,0.47825243833041925,0.013413932449101933
164,GACCCCCTCCACCCCGCCTCNGG,TCCTCCTTCCACTCCGCCTCTGG,0.8628423,0.5134993795342551,0.0734629688894132,5,p20rGdA|p19rAdG|p17rCdA|p14rCdA|p8rCdA,0.47825243833041925,0.01804120709380788
165,GACCCCCTCCACCCCGCCTCNGG,CTCCCCCTACACCCCGCAACAGG,0.8628423,0.26176649510153377,0.03736708155851139,5,p20rGdG|p19rAdA|p12rCdT|p3rCdT|p2rUdT,0.47825243833041925,0.004678002299393906
166,GACCCCCTCCACCCCGCCTCNGG,GTCCCCTCCCTCCCCGCCTCTGG,0.8628423,0.3577534771771088,0.08213659525816876,4,p19rAdA|p14rCdA|p13rUdG|p10rAdA,0.5542755918100081,0.01628719568621735
167,GACCCCCTCCACCCCGCCTCNGG,CCACCCCTCCACCCCGTCCCAGG,0.8628423,0.22543379771340957,0.06473225475690494,5,p20rGdG|p19rAdG|p18rCdT|p4rCdA|p2rUdG,0.47825243833041925,0.006979060367330639
168,GACCCCCTCCACCCCGCCTCNGG,TTCCCCCCCAACCCCACCTCGGG,0.8628423,0.5338257310610671,0.06959205500983683,5,p20rGdA|p19rAdA|p13rUdG|p11rCdT|p5rGdT,0.47825243833041925,0.01776709226017514
169,GACCCCCTCCACCCCGCCTCNGG,CCTGCCCCCCACCCCGCCCCAGG,0.8628423,0.23832635775710156,0.0427202653096789,6,p20rGdG|p19rAdG|p18rCdA|p17rCdC|p13rUdG|p2rUdG,0.41265644410225605,0.004201405973433765
170,GACCCCCTCCACCCCGCCTCNGG,GACCCCCTTCACCCCACCTATGG,0.8628423,0.31439146387233785,0.06694360754024552,3,p12rCdA|p5rGdT|p1rCdT,0.6423834089562526,0.013519921627412447
171,GACCCCCTCCACCCCGCCTCNGG,CCCCCCCTCCACCCCACTTCAGG,0.8628423,0.4647971953854804,0.14211567264935565,4,p20rGdG|p19rAdG|p5rGdT|p3rCdA,0.5542755918100081,0.03661265540918744
172,GACCCCCTCCACCCCGCCTCNGG,CAGCCCCTCCACTCCACCCCCGG,0.8628423,0.22498663029779015,0.015180551992182014,5,p20rGdG|p18rCdC|p8rCdA|p5rGdT|p2rUdG,0.47825243833041925,0.001633433535372723
173,GACCCCCTCCACCCCGCCTCNGG,AGCCCCCCCCTCCCCGCCCCAGG,0.8628423,0.2630444951523039,0.05712352325309881,5,p20rGdT|p19rAdC|p13rUdG|p10rAdA|p2rUdG,0.47825243833041925,0.007186234689842453
174,GGTGAGTGAGTGTGTGCGTGNGG,AGTGAGTGAGTGTGTGTGTGGGG,0.6742176,0.6225652005599038,0.7063226518353418,2,p20rGdT|p4rCdA,0.4545693475394188,0.19988864442074689
175,GGTGAGTGAGTGTGTGCGTGNGG,AGAGAGTGAGTGTGTGCATGAGG,0.6742176,0.7702146494694571,0.32915912911295725,3,p20rGdT|p18rUdT|p3rGdT,0.3064786462352306,0.0776994419915249
176,GGTGAGTGAGTGTGTGCGTGNGG,GGTGAGTGAGTGTGTGCGTGTGG,0.6742176,1.0,1.0,0,,1.0,1.0
177,GGTGAGTGAGTGTGTGCGTGNGG,TGTGGGTGAGTGTGTGCGTGAGG,0.6742176,0.8480991980821895,0.5437768312428536,2,p20rGdA|p16rAdC,0.4545693475394188,0.20963678912504125
178,GGTGAGTGAGTGTGTGCGTGNGG,GCTGAGTGAGTGTATGCGTGTGG,0.6742176,0.6254225362182956,0.6798971749446002,2,p19rGdG|p7rGdT,0.4545693475394188,0.1932933487243552
179,GGTGAGTGAGTGTGTGCGTGNGG,GGTGAGTGAGTGTGTGCGGGTGG,0.6742176,0.2482095221281832,1.0,1,p2rUdC,0.6742175817489624,0.16734722377632924
180,GGTGAGTGAGTGTGTGCGTGNGG,GTTGAGTGAATGTGTGCGTGAGG,0.6742176,0.8921934081940188,0.5042859610844738,2,p19rGdA|p11rGdT,0.4545693475394188,0.20452011827967823
181,GGTGAGTGAGTGTGTGCGTGNGG,AGTGAATGAGTGTGTGTGTGTGG,0.6742176,0.6802079499270115,0.23012923260050544,3,p20rGdT|p15rGdT|p4rCdA,0.3064786462352306,0.04797485969832367
182,GGTGAGTGAGTGTGTGCGTGNGG,TGTGAGTAAGTGTGTGTGTGTGG,0.6742176,0.5515113944474905,0.33630070854659855,3,p20rGdA|p13rGdT|p4rCdA,0.3064786462352306,0.05684372012879321
183,GGTGAGTGAGTGTGTGCGTGNGG,ACTGTGTGAGTGTGTGCGTGAGG,0.6742176,0.587327314937622,0.34894414382439204,3,p20rGdT|p19rGdG|p16rAdA,0.3064786462352306,0.06281109055745145
184,GGTGAGTGAGTGTGTGCGTGNGG,AGCGAGTGGGTGTGTGCGTGGGG,0.6742176,0.6868735919629214,0.3329464884419619,3,p20rGdT|p18rUdG|p12rAdC,0.3064786462352306,0.07008926067379544
185,GGTGAGTGAGTGTGTGCGTGNGG,AGTGTGTGAGTGTGTGCGTGTGG,0.6742176,0.6961614757832042,0.5437768312428536,2,p20rGdT|p16rAdA,0.4545693475394188,0.17208017272715065
186,GGTGAGTGAGTGTGTGCGTGNGG,TGTGGGTGAGTGTGTGCGTGAGA,0.6742176,0.8480991980821895,0.5437768312428536,2,p20rGdA|p16rAdC,0.4545693475394188,0.20963678912504125
187,GGTGAGTGAGTGTGTGCGTGNGG,CGCGAGTGAGTGTGTGCGCGGGG,0.6742176,0.3204182851480485,0.3498483517134983,3,p20rGdG|p18rUdG|p2rUdG,0.3064786462352306,0.03435558472309676
188,GGTGAGTGAGTGTGTGCGTGNGG,GGTGAGTGAGTGTGTGTGTGAGG,0.6742176,0.5519308494221198,1.0,1,p4rCdA,0.6742175817489624,0.3721214825900323
189,GGTGAGTGAGTGTGTGCGTGNGG,CTGGAGTGAGTGTGTGTGTGTGG,0.6742176,0.46903079216922633,0.2966326328096068,4,p20rGdG|p19rGdA|p18rUdC|p4rCdA,0.2066332917224129,0.028748856557707193
190,GGTGAGTGAGTGTGTGCGTGNGG,AGCGAGTGAGTGTGTGTGTGGGG,0.6742176,0.43724661227909667,0.35932132985620774,3,p20rGdT|p18rUdG|p4rCdA,0.3064786462352306,0.048151483548648365
191,GGTGAGTGAGTGTGTGCGTGNGG,GGTGAGTCAGTGTGTGAGTGAGG,0.6742176,0.3249981451467336,0.41725670980771984,2,p13rGdG|p4rCdT,0.4545693475394188,0.06164308404453204
192,GGTGAGTGAGTGTGTGCGTGNGG,GGTGTGTGAGTGTGTGTGTGTGG,0.6742176,0.340639089576755,0.2520448151295281,2,p16rAdA|p4rCdA,0.4545693475394188,0.03902764970911398
193,GGTGAGTGAGTGTGTGCGTGNGG,TGTGAGTGAGTGTGTGTGTGTGA,0.6742176,0.5796332276233218,0.7063226518353418,2,p20rGdA|p4rCdA,0.4545693475394188,0.18610436308782993
194,GGTGAGTGAGTGTGTGCGTGNGG,TGTGAGTGAGTGTGTGTATGGGG,0.6742176,0.4879807251193245,0.16066975111460574,3,p20rGdA|p4rCdA|p3rGdT,0.3064786462352306,0.0240290726017864
195,GGTGAGTGAGTGTGTGCGTGNGG,AGTGAGTGAGTGAGTGAGTGAGG,0.6742176,0.3098170864103591,0.17841813182497612,3,p20rGdT|p8rUdT|p4rCdT,0.3064786462352306,0.016941215765158012
196,GGTGAGTGAGTGTGTGCGTGNGG,TGTGGGTGAGCATGTGCGTGAGG,0.6742176,0.733811038929957,0.08333368766339652,4,p20rGdA|p16rAdC|p10rUdG|p9rGdT,0.2066332917224129,0.012635869600021632
197,GGTGAGTGAGTGTGTGCGTGNGG,GTAGAGTGAGTGTGTGTGTGTGG,0.6742176,0.43485498879702267,0.3042805249948187,3,p19rGdA|p18rUdT|p4rCdA,0.3064786462352306,0.04055261217879981
198,GGTGAGTGAGTGTGTGCGTGNGG,GGTGGATGAGTGTGTGTGTGGGG,0.6742176,0.4869894795134641,0.10605079709471064,3,p16rAdC|p15rGdT|p4rCdA,0.3064786462352306,0.015828280461382963
199,GGTGAGTGAGTGTGTGCGTGNGG,TGTGAGTGAGTGTGTGCGTGTGA,0.6742176,1.0501917554168367,1.0,1,p20rGdA,0.6742175817489624,0.7080577457098375
200,GGTGAGTGAGTGTGTGCGTGNGG,CATGAGTGAGTGTGTGGGTGGGG,0.6742176,0.1483924674817824,0.4836322238879413,3,p20rGdG|p19rGdT|p4rCdC,0.3064786462352306,0.02199516917706636
201,GGTGAGTGAGTGTGTGCGTGNGG,AGTGAGTATGTGTGTGTGTGGGG,0.6742176,0.38508421491447603,0.12316115159871908,4,p20rGdT|p13rGdT|p12rAdA|p4rCdA,0.2066332917224129,0.009800082956069352
202,GGTGAGTGAGTGTGTGCGTGNGG,GATGAGTGAGTGAGTGAGTGGGG,0.6742176,0.28547755772018174,0.14386471459094902,3,p19rGdT|p8rUdT|p4rCdT,0.3064786462352306,0.012587123164657668
203,GGTGAGTGAGTGTGTGCGTGNGG,TGTGAGTGAGTGTGTGTGTGTGA,0.6742176,0.5796332276233218,0.7063226518353418,2,p20rGdA|p4rCdA,0.4545693475394188,0.18610436308782993
204,GGTGAGTGAGTGTGTGCGTGNGG,GGAGAGTGAGTGTGTGTGTGAGA,0.6742176,0.44765854305190705,0.3698549747404842,2,p18rUdT|p4rCdA,0.4545693475394188,0.0752624737205325
205,GGTGAGTGAGTGTGTGCGTGNGG,GGTGAGTGTGTGTGTGCATGTGG,0.6742176,0.5472919419344926,0.32640453911389256,2,p12rAdA|p3rGdT,0.4545693475394188,0.08120362005940622
206,GGTGAGTGAGTGTGTGCGTGNGG,GGTGAGTAAGTGTGAGCGTAAGG,0.6742176,0.4372552537912147,0.06492881963867961,3,p13rGdT|p6rUdT|p1rGdT,0.3064786462352306,0.008701072048289153
207,GGTGAGTGAGTGTGTGCGTGNGG,AGTGAGTGAGTGAGTGAGTGGGG,0.6742176,0.3098170864103591,0.17841813182497612,3,p20rGdT|p8rUdT|p4rCdT,0.3064786462352306,0.016941215765158012
208,GGTGAGTGAGTGTGTGCGTGNGG,GATGAGTGTGTGTGTGTGTGAGG,0.6742176,0.3729246647316695,0.18559725086946655,3,p19rGdT|p12rAdA|p4rCdA,0.3064786462352306,0.02121254944325108
209,GGTGAGTGAGTGTGTGCGTGNGG,GGTGAATGAGTGTGTGCTCTGGG,0.6742176,0.17524059398953248,0.011238820575403992,4,p15rGdT|p3rGdA|p2rUdG|p1rGdA,0.2066332917224129,0.00040696377075856536
210,GGTGAGTGAGTGTGTGCGTGNGG,AGGGAGTGACTGTGTGCGTGTGG,0.6742176,0.7403135865671746,0.31932608037098453,3,p20rGdT|p18rUdC|p11rGdG,0.3064786462352306,0.07245199202549749
211,GGTGAGTGAGTGTGTGCGTGNGG,AGTGAGTGAGTGTGTGTGTGAGA,0.6742176,0.6225652005599038,0.7063226518353418,2,p20rGdT|p4rCdA,0.4545693475394188,0.19988864442074689
212,GGTGAGTGAGTGTGTGCGTGNGG,GGTGAGCAAGTGTGTGTGTGTGG,0.6742176,0.4848301194782863,0.1425040004721884,3,p14rUdG|p13rGdT|p4rCdA,0.3064786462352306,0.02117468064120446
213,GGTGAGTGAGTGTGTGCGTGNGG,CGTGAGTGAGTGTGTACCTGGGG,0.6742176,0.45182344975412947,0.16518033326857215,3,p20rGdG|p5rGdT|p3rGdG,0.3064786462352306,0.022873220983137477
214,GGTGAGTGAGTGTGTGCGTGNGG,GGTGGATGACTGTGTGTGTGGGG,0.6742176,0.3809037196935038,0.03143824623518949,4,p16rAdC|p15rGdT|p11rGdG|p4rCdA,0.2066332917224129,0.0024744222894160853
215,GGTGAGTGAGTGTGTGCGTGNGG,TGTGGGTGAGTGTGTGTGTGTGG,0.6742176,0.46809211079172147,0.21083096725791273,3,p20rGdA|p16rAdC|p4rCdA,0.3064786462352306,0.03024586040934084
216,GGTGAGTGAGTGTGTGCGTGNGG,AGTGAGTAAGTGAGTGAGTGAGG,0.6742176,0.29478581490306693,0.07971403563336238,4,p20rGdT|p13rGdT|p8rUdT|p4rCdT,0.2066332917224129,0.004855586240339075
217,GGTGAGTGAGTGTGTGCGTGNGG,GGTGTATGAGTGTGTGTGTGAGG,0.6742176,0.3721785550776432,0.10605079709471064,3,p16rAdA|p15rGdT|p4rCdA,0.3064786462352306,0.012096660809524394
218,GGTGAGTGAGTGTGTGCGTGNGG,TGTGAGTGAGTATGTACATGTGG,0.6742176,0.770569687716594,0.04091618043915986,4,p20rGdA|p9rGdT|p5rGdT|p3rGdT,0.2066332917224129,0.006514893195048382
219,GGTGAGTGAGTGTGTGCGTGNGG,TGTGAGTGGGTGTGTGTGTGGGG,0.6742176,0.5025604509856081,0.2649085817798184,3,p20rGdA|p12rAdC|p4rCdA,0.3064786462352306,0.040802291763188885
220,GGTGAGTGAGTGTGTGCGTGNGG,AATGAGTGAGTGTGTGTGTGTGA,0.6742176,0.6470705299809266,0.4836322238879413,3,p20rGdT|p19rGdT|p4rCdA,0.3064786462352306,0.0959107023284166
221,GGTGAGTGAGTGTGTGCGTGNGG,GGTGAGAGAGTGTGTGCGTAGGA,0.6742176,0.7114652290447665,0.3742522727659798,2,p14rUdT|p1rGdT,0.4545693475394188,0.12103703418361877
222,GGTGAGTGAGTGTGTGCGTGNGG,TGTGAGTGAGTGTGTGTGTGTGA,0.6742176,0.5796332276233218,0.7063226518353418,2,p20rGdA|p4rCdA,0.4545693475394188,0.18610436308782993
223,GGTGAGTGAGTGTGTGCGTGNGG,AGTGAGAAAGTGTGTGCATGCGG,0.6742176,0.6898488543950725,0.11298199117657115,4,p20rGdT|p14rUdT|p13rGdT|p3rGdT,0.2066332917224129,0.016105101490874064
224,GGTGAGTGAGTGTGTGCGTGNGG,AGTGAGTGAGTGTGAGTGCGGGG,0.6742176,0.13435215371853818,0.024188995301047164,4,p20rGdT|p6rUdT|p4rCdA|p2rUdG,0.2066332917224129,0.0006715258837470623
225,GGTGAGTGAGTGTGTGCGTGNGG,AGTGAGTGAGTGTGTGTGTGTGA,0.6742176,0.6225652005599038,0.7063226518353418,2,p20rGdT|p4rCdA,0.4545693475394188,0.19988864442074689
226,GGTGAGTGAGTGTGTGCGTGNGG,TGTGAGTGAGTGTGTGTGTGTGA,0.6742176,0.5796332276233218,0.7063226518353418,2,p20rGdA|p4rCdA,0.4545693475394188,0.18610436308782993
227,GGTGAGTGAGTGTGTGCGTGNGG,GGAGAGTGAGTGTGTGCATGTGC,0.6742176,0.6828284416422882,0.3664125572237141,2,p18rUdT|p3rGdT,0.4545693475394188,0.11373184861122448
228,GGTGAGTGAGTGTGTGCGTGNGG,GGTGTGTGGGTGGGGGTGTGTGG,0.6742176,0.02243045433587059,0.004344434106172144,5,p16rAdA|p12rAdC|p8rUdC|p6rUdC|p4rCdA,0.13931579825391313,1.3575994477548585e-05
229,GGTGAGTGAGTGTGTGCGTGNGG,AGGGAGTGAGTGTGAGAGTGCGG,0.6742176,0.1994380066914816,0.11653779812373304,4,p20rGdT|p18rUdC|p6rUdT|p4rCdT,0.2066332917224129,0.004802584637486565
230,GGTGAGTGAGTGTGTGCGTGNGG,TGTGAGAGAGTGTGTGTGTGGAG,0.6742176,0.4425439808712787,0.2335214658640687,3,p20rGdA|p14rUdT|p4rCdA,0.3064786462352306,0.03167258183781211
231,GGTGAGTGAGTGTGTGCGTGNGG,GGTGAGAGAGTGTGTGCACGGGG,0.6742176,0.28127364775569713,0.06248356577013038,3,p14rUdT|p3rGdT|p2rUdG,0.3064786462352306,0.005386356221733674
232,GGTGAGTGAGTGTGTGCGTGNGG,GGGGGGTGAGTGTGTGTGTGGGG,0.6742176,0.37400949695928287,0.11474524885838461,3,p18rUdC|p16rAdC|p4rCdA,0.3064786462352306,0.013152780210252091
233,GGTGAGTGAGTGTGTGCGTGNGG,TGTGAGAGAGAGTGTGCGTGTGG,0.6742176,0.6203025628124593,0.24263009339206212,3,p20rGdA|p14rUdT|p10rUdT,0.3064786462352306,0.04612628324232829
234,GAGTCCGAGCAGAAGAAGAANGG,GAGTCCGAGCAGAAGAAGAAGGG,0.7849909,1.0,1.0,0,,1.0,1.0
235,GAGTCCGAGCAGAAGAAGAANGG,GAGTTAGAGCAGAAGAAGAAAGG,0.7849909,0.8437802933854897,0.44162543298782314,2,p16rCdA|p15rCdT,0.6162107236258549,0.22962158281044248
236,GAGTCCGAGCAGAAGAAGAANGG,GAGTCTAAGCAGAAGAAGAAGAG,0.7849909,0.9844121957121937,0.4155806261856236,2,p15rCdA|p14rGdT,0.6162107236258549,0.2520934318097605
237,GAGTCCGAGCAGAAGAAGAANGG,GAGGCCGAGCAGAAGAAAGACGG,0.7849909,0.28284162378525585,0.05963055192687931,3,p17rUdC|p3rGdT|p2rAdC,0.48371981466680836,0.008158419426529843
238,GAGTCCGAGCAGAAGAAGAANGG,GAGTCCTAGCAGGAGAAGAAGAG,0.7849909,0.5650471834729025,0.3032819607070207,2,p14rGdA|p8rAdC,0.6162107236258549,0.10559917991699375
239,GAGTCCGAGCAGAAGAAGAANGG,AAGTCTGAGCACAAGAAGAATGG,0.7849909,0.7408324861971015,0.24294816807232275,3,p20rGdT|p15rCdA|p9rGdG,0.48371981466680836,0.08706177651141088
240,GAGTCCGAGCAGAAGAAGAANGG,GAGTCCGGGAAGGAGAAGAAAGG,0.7849909,0.22909806179719047,0.1041993535874588,3,p13rAdC|p11rCdT|p8rAdC,0.48371981466680836,0.011547296506709836
241,GAGTCCGAGCAGAAGAAGAANGG,GAGCCGGAGCAGAAGAAGGAGGG,0.7849909,0.20169818521793195,0.16237908023094735,3,p17rUdG|p15rCdC|p2rAdC,0.48371981466680836,0.015842581338794296
242,GAGTCCGAGCAGAAGAAGAANGG,AAGTCCGAGGAGAGGAAGAAAGG,0.7849909,0.1576428356059549,0.1822998838074434,3,p20rGdT|p11rCdC|p7rAdC,0.48371981466680836,0.01390127093526873
243,GAGTCCGAGCAGAAGAAGAANGG,GAATCCAAGCAGGAGAAGAAGGA,0.7849909,0.5849664348261517,0.14482672083088122,3,p18rGdT|p14rGdT|p8rAdC,0.48371981466680836,0.04098014799021473
244,GAGTCCGAGCAGAAGAAGAANGG,ACGTCTGAGCAGAAGAAGAATGG,0.7849909,1.1650491974462727,0.3324492485497685,3,p20rGdT|p19rAdG|p15rCdA,0.48371981466680836,0.18735422811616786
245,GAGTCCGAGCAGAAGAAGAANGG,GAGTAGGAGCAGGAGAAGAAGGA,0.7849909,0.45572546755173876,0.1670869519030146,3,p16rCdT|p15rCdC|p8rAdC,0.48371981466680836,0.03683322223991528
246,GAGTCCGAGCAGAAGAAGAANGG,AAGTCCCGGCAGAGGAAGAAGGG,0.7849909,0.19758119915898023,0.10643570570539189,4,p20rGdT|p14rGdG|p13rAdC|p7rAdC,0.3797156559114998,0.007985304190033276
247,GAGTCCGAGCAGAAGAAGAANGG,TCATCCAAGCAGAAGAAGAAGAG,0.7849909,0.8512322614300377,0.2352619657304052,4,p20rGdA|p19rAdG|p18rGdT|p14rGdT,0.3797156559114998,0.07604283506514177
248,GAGTCCGAGCAGAAGAAGAANGG,GAGTCTAAGCAGGAGAATAAAGG,0.7849909,0.3496895850049079,0.034343019950379125,4,p15rCdA|p14rGdT|p8rAdC|p3rGdA,0.3797156559114998,0.0045601558289489075
249,GAGTCCGAGCAGAAGAAGAANGG,GAGCACGAGCAAGAGAAGAAGGG,0.7849909,0.3906425583876057,0.04602312433200674,4,p17rUdG|p16rCdT|p9rGdT|p8rAdC,0.3797156559114998,0.006826752486857379
250,GGAATCCCTTCTGCAGCACCNGG,GGAATCCCTTCTGCAGCACCTGG,0.5447568,1.0,1.0,0,,1.0,1.0
251,GGAATCCCTTCTGCAGCACCNGG,GGAACCCCGTCTGCAGCACCAGG,0.5447568,0.6720684700390358,0.3309671321370943,2,p16rUdG|p12rUdC,0.2967600035468685,0.06600909148733779
252,GGAATCCCTTCTGCAGCACCNGG,GGAGTCCCTCCTACAGCACCAGG,0.5447568,0.678378009061517,0.11894753362279824,3,p17rAdC|p11rUdG|p8rGdT,0.1616620387254128,0.013044734783408793
253,GGAATCCCTTCTGCAGCACCNGG,AGAGGCCCCTCTGCAGCACCAGG,0.5447568,0.7332478714855949,0.10454227629670422,4,p20rGdT|p17rAdC|p16rUdC|p12rUdG,0.0880664997051374,0.0067507729001858394
254,GGAATCCCTTCTGCAGCACCNGG,ACCATCCCTCCTGCAGCACCAGG,0.5447568,0.4277193333801184,0.2650957995784499,4,p20rGdT|p19rGdG|p18rAdG|p11rUdG,0.0880664997051374,0.00998556085900423
255,GGAATCCCTTCTGCAGCACCNGG,GGATTGCCATCCGCAGCACCTGG,0.5447568,0.45026234517903796,0.04757299961529951,4,p17rAdA|p15rCdC|p12rUdT|p9rUdG,0.0880664997051374,0.001886413518564604
256,GGAATCCCTTCTGCAGCACCNGG,TGAATCCCATCTCCAGCACCAGG,0.5447568,0.5306893322949401,0.2510666212231207,3,p20rGdA|p12rUdT|p8rGdG,0.1616620387254128,0.021539587755797673
257,GGAATCCCTTCTGCAGCACCNGG,GGAGTCCCTCCTACAGCACCAGG,0.5447568,0.678378009061517,0.11894753362279824,3,p17rAdC|p11rUdG|p8rGdT,0.1616620387254128,0.013044734783408793
258,GGAATCCCTTCTGCAGCACCNGG,GGAGTCCCTCCTGCAGCACCTGA,0.5447568,0.6800109997705484,0.38914577186752936,2,p17rAdC|p11rUdG,0.2967600035468685,0.07852964272037598
259,GTCATCTTAGTCATTACCTGNGG,GTCATCTTAGTCATTACCTGAGG,0.59205407,1.0,1.0,0,,1.0,1.0
260,GGGAAAGACCCAGCATCCGTNGG,GGGAAAGACCCAGCATCCGTGGG,0.70168954,1.0,1.0,0,,1.0,1.0
261,GGGAAAGACCCAGCATCCGTNGG,GGGAAAGTCCCAGCATCCTTTGG,0.70168954,0.3349555987740317,0.28428326757182665,2,p13rAdA|p2rGdA,0.4923682124257631,0.046884419902392706
262,GGGAAAGACCCAGCATCCGTNGG,GGGAAAAGCCCAGCATCCCTTGG,0.70168954,0.41741384305487084,0.12823144660297392,3,p14rGdT|p13rAdC|p2rGdG,0.34548962514736753,0.01849253289027565
263,GGGAAAGACCCAGCATCCGTNGG,GGGAAGGACCCAGCATCCTGGGG,0.70168954,0.22627603098280596,0.08221190601570218,3,p15rAdC|p2rGdA|p1rUdC,0.34548962514736753,0.006426999701334721
264,GGGAAAGACCCAGCATCCGTNGG,GGGAAATACCCAGCATCCAATGG,0.70168954,0.33326642606534085,0.063644390538533,3,p14rGdA|p2rGdT|p1rUdT,0.34548962514736753,0.007328021021064855
265,GGGAAAGACCCAGCATCCGTNGG,CAAGAAGACCCAGCTTCCGTAGG,0.70168954,0.12287222388550413,0.1899969772822361,5,p20rGdG|p19rGdT|p18rGdT|p17rAdC|p6rAdA,0.17010810914545632,0.003971233538093696
266,GGGAAAGACCCAGCATCCGTNGG,GAGAAAAGCCCAGCATCCTTAGG,0.70168954,0.4448063902906192,0.06972143493582109,4,p19rGdT|p14rGdT|p13rAdC|p2rGdA,0.24242645660734138,0.0075182601340317455
267,GGGAAAGACCCAGCATCCGTNGG,GGAAAAGACCAAGCATCAGTGGG,0.70168954,0.3748944225956802,0.11438546144064696,3,p18rGdT|p10rCdT|p3rCdT,0.34548962514736753,0.014815449010882994
268,GGGAAAGACCCAGCATCCGTNGG,ATGAAAGACCCAGCATCCATTGA,0.70168954,0.8574932385703601,0.43075929007886044,3,p20rGdT|p19rGdA|p2rGdT,0.34548962514736753,0.12761460104647862
269,GGGAAAGACCCAGCATCCGTNGG,GGGAAGGACCCAGCATTCCTGGG,0.70168954,0.31296918196614076,0.05705258825395821,3,p15rAdC|p4rCdA|p2rGdG,0.34548962514736753,0.006168959747499706
270,GAACACAAAGCATAGACTGCNGG,GAACACAAAGCATAGACTGCGGG,0.6995837,1.0,1.0,0,,1.0,1.0
271,GAACACAAAGCATAGACTGCNGG,GAACACAATGCATAGATTGCCGG,0.6995837,0.35880156479889497,0.3080140722148325,2,p12rAdA|p4rCdA,0.4894173662339405,0.05408841592133227
272,GAACACAAAGCATAGACTGCNGG,AAACATAAAGCATAGACTGCAAA,0.6995837,1.1582375302059018,0.5037504974793073,2,p20rGdT|p15rCdA,0.4894173662339405,0.2855567936108853
273,GGCCCAGACTGAGCACGTGANGG,GGCCCAGACTGAGCACGTGATGG,0.7390942,1.0,1.0,0,,1.0,1.0
274,GGCCCAGACTGAGCACGTGANGG,CACCCAGACTGAGCACGTGCTGG,0.7390942,0.4728207174314584,0.48829344488722104,3,p20rGdG|p19rGdT|p1rAdG,0.4037377687811892,0.09321306109915863
275,GGCCCAGACTGAGCACGTGANGG,GACACAGACTGGGCACGTGAGGG,0.7390942,0.48814329350144825,0.2683461315600244,3,p19rGdT|p17rCdT|p9rAdC,0.4037377687811892,0.052886161215910096
276,GGCCCAGACTGAGCACGTGANGG,AGCTCAGACTGAGCAAGTGAGGG,0.7390942,0.7477179630964772,0.30984683934863644,3,p20rGdT|p17rCdA|p5rCdT,0.4037377687811892,0.09353717800942497
277,GGCCCAGACTGAGCACGTGANGG,AGACCAGACTGAGCAAGAGAGGG,0.7390942,0.3677546847589283,0.09417294172401783,4,p20rGdT|p18rCdT|p5rCdT|p3rUdT,0.298400242318745,0.01033435847628042
278,GGCCCAGACTGAGCACGTGANGG,GAGCCAGAATGAGCACGTGAGGG,0.7390942,0.5905261782529707,0.2904449213748951,3,p19rGdT|p18rCdC|p12rCdT,0.4037377687811892,0.06924721640877397
279,GGCACTGCGGCTGGAGGTGGNGG,TGCACTGCGGCCGGAGGAGGTGG,0.9153214,0.5281799195014326,0.18459610485487146,3,p20rGdA|p9rUdG|p3rUdT,0.7668684353172499,0.07476963854978262
280,GGCACTGCGGCTGGAGGTGGNGG,GGCTCTGCGGCTGGAGGGGGTGG,0.9153214,0.17951189717946697,0.3092091673592845,2,p17rAdA|p3rUdC,0.8378132830594076,0.04650427088242507
281,GGCACTGCGGCTGGAGGTGGNGG,GGCACGACGGCTGGAGGTGGGGG,0.9153214,0.7323453536812976,0.4155806261856236,2,p15rUdC|p14rGdT,0.8378132830594076,0.2549872500505636
282,GGCACTGCGGCTGGAGGTGGNGG,GGCATCACGGCTGGAGGTGGAGG,0.9153214,0.8191425124645954,0.14875600886668713,3,p16rCdA|p15rUdG|p14rGdT,0.7668684353172499,0.0934447369713384
283,GGCACTGCGGCTGGAGGTGGNGG,GGCACTGCGGCTGGAGGTGGGGG,0.9153214,1.0,1.0,0,,1.0,1.0
284,GGCACTGCGGCTGGAGGTGGNGG,GGCGCTGCGGCGGGAGGTGGAGG,0.9153214,0.3450265905739505,0.4043835631132616,2,p17rAdC|p9rUdC,0.8378132830594076,0.11689429144754082
285,GGCACTGCGGCTGGAGGTGGNGG,GGCACTGAGACTGGGGGTGGGGG,0.9153214,0.5934206666153163,0.06424503479748203,3,p13rCdT|p11rGdT|p6rAdC,0.7668684353172499,0.029236346350018094
286,GGCACTGCGGCTGGAGGTGGNGG,AGCAGTGCGGCTAGAGGTGGTGG,0.9153214,0.8105661617252558,0.28687573455587473,3,p20rGdT|p16rCdC|p8rGdT,0.7668684353172499,0.17832126929253456
287,GGCACTGCGGCTGGAGGTGGNGG,GGCACTGCTGCTGGGGGTGGTGG,0.9153214,0.5157599849707689,0.2771164139173283,2,p12rGdA|p6rAdC,0.8378132830594076,0.11974493054303097
288,GGCACTGCGGCTGGAGGTGGNGG,GGCACTGGGGCTGGGGGAGGGGG,0.9153214,0.2628180457880769,0.033647731318661715,3,p13rCdC|p6rAdC|p3rUdT,0.7668684353172499,0.006781594712736314
289,GGCACTGCGGCTGGAGGTGGNGG,GGCACTGGGGTTGGAGGTGGGGG,0.9153214,0.327986588372259,0.3779612692198995,2,p13rCdC|p10rCdA,0.8378132830594076,0.10386055182261693
290,GGCACTGCGGCTGGAGGTGGNGG,AGGACTGCGGCTGGGGGTGGTGG,0.9153214,0.6543681542106226,0.48627163519544725,3,p20rGdT|p18rCdC|p6rAdC,0.7668684353172499,0.2440180517356116
291,GGCACTGCGGCTGGAGGTGGNGG,GGCACTGAGGGTGGAGGTGGGGG,0.9153214,0.15915901402518084,0.3779612692198995,2,p13rCdT|p10rCdC,0.8378132830594076,0.05039944805742258
292,GGCACTGCGGCTGGAGGTGGNGG,GACACCACGGCTGGAGATGGTGG,0.9153214,0.8602227778737334,0.05714062947226821,4,p19rGdT|p15rUdG|p14rGdT|p4rGdT,0.7019310972707831,0.03450249022980607
293,GGCACTGCGGCTGGAGGTGGNGG,GGCACTGTGGCTGCAGGTGGAGG,0.9153214,0.2541063710734311,0.2580901110454531,2,p13rCdA|p7rGdG,0.8378132830594076,0.054945756866044776
294,GGCACTGCGGCTGGAGGTGGNGG,AGCACTGTGGCTGGGGGAGGGGG,0.9153214,0.3666871843221701,0.04489066738738402,4,p20rGdT|p13rCdA|p6rAdC|p3rUdT,0.7019310972707831,0.01155437016720991
295,GGCACTGCGGCTGGAGGTGGNGG,GGCAATGTGGCTGAAGGTGGGGG,0.9153214,0.45463327762642963,0.08414745602471693,3,p16rCdT|p13rCdA|p7rGdT,0.7668684353172499,0.029337498106596967
296,GGCACTGCGGCTGGAGGTGGNGG,GGCACAGCAGCTGGAGGTGCTGG,0.9153214,0.6416040210638113,0.1513843635841574,3,p15rUdT|p12rGdT|p1rGdG,0.7668684353172499,0.07448502345825055
297,GGCACTGCGGCTGGAGGTGGNGG,GCCACTGGGGCTGGGGGTGGGGG,0.9153214,0.41530952915552316,0.21534025831004636,3,p19rGdG|p13rCdC|p6rAdC,0.7668684353172499,0.06858323840108647
298,GGCACTGCGGCTGGAGGTGGNGG,TGCACTGTGGCTGGAGATGGGGG,0.9153214,0.6842200577391192,0.33630070854659855,3,p20rGdA|p13rCdA|p4rGdT,0.7668684353172499,0.17645925687932276
299,GGCACTGCGGCTGGAGGTGGNGG,GGCTCTGTGGCTGGAGGAGGTGG,0.9153214,0.24111630704310927,0.09776529820880014,3,p17rAdA|p13rCdA|p3rUdT,0.7668684353172499,0.01807724212708245
300,GGCACTGCGGCTGGAGGTGGNGG,GCCACTGCAGCTAGAGGTGGAGG,0.9153214,0.8198696131493346,0.20854629009365933,3,p19rGdG|p12rGdT|p8rGdT,0.7668684353172499,0.1311197526319617
301,GGCACTGCGGCTGGAGGTGGNGG,GGCACTGCGGGTGGAGGCGGGGG,0.9153214,0.12376128115501916,0.2528620467835993,2,p10rCdC|p3rUdG,0.8378132830594076,0.026218973646160354
302,GGCACTGCGGCTGGAGGTGGNGG,AGCACTGTGCCTGGGGGTGGGGG,0.9153214,0.5372023056434935,0.07203560884048259,4,p20rGdT|p13rCdA|p11rGdG|p6rAdC,0.7019310972707831,0.027163115623782368
303,GGCACTGCGGCTGGAGGTGGNGG,GGCAATGCGGCTGGAGGCGGAGG,0.9153214,0.506023445742093,0.3843030491900418,2,p16rCdT|p3rUdG,0.8378132830594076,0.162926493785853
304,GGCACTGCGGCTGGAGGTGGNGG,GAGGCTGCGGCTGGGGGTGGAGG,0.9153214,0.49662508736662053,0.20379954953835688,4,p19rGdT|p18rCdC|p17rAdC|p6rAdC,0.7019310972707831,0.07104382852362455
305,GGCACTGCGGCTGGAGGTGGNGG,GGCTCCGCAGCTGGAGGTGGGGG,0.9153214,0.5829472757664172,0.11870978813548981,3,p17rAdA|p15rUdG|p12rGdT,0.7668684353172499,0.05306848252984507
306,GGCACTGCGGCTGGAGGTGGNGG,AGCACTGTGGCTGGGGGAGGCGG,0.9153214,0.3666871843221701,0.04489066738738402,4,p20rGdT|p13rCdA|p6rAdC|p3rUdT,0.7019310972707831,0.01155437016720991
307,GGCACTGCGGCTGGAGGTGGNGG,GTCACTGCAGCTGGAGGAGGGGG,0.9153214,0.5052075508896989,0.1894418154251145,3,p19rGdA|p12rGdT|p3rUdT,0.7668684353172499,0.07339501139218226
308,GGCACTGCGGCTGGAGGTGGNGG,GGCTCTGAGGCCAGAGGTGGTGG,0.9153214,0.4503476149931759,0.03556930558565662,4,p17rAdA|p13rCdT|p9rUdG|p8rGdT,0.7019310972707831,0.011243919738153068
309,GGCACTGCGGCTGGAGGTGGNGG,AGCACGGCAGCTGGAGGAGGGGG,0.9153214,0.44813496603567815,0.08670388751257094,4,p20rGdT|p15rUdC|p12rGdT|p3rUdT,0.7019310972707831,0.0272735634487425
310,GGCACTGCGGCTGGAGGTGGNGG,AGCACTGCAGCTGGGAGTGGAGG,0.9153214,0.7640556366386102,0.08134031096738321,4,p20rGdT|p12rGdT|p6rAdC|p5rGdT,0.7019310972707831,0.043623980999700634
311,GGCACTGCGGCTGGAGGTGGNGG,GGGACTGCGGCTGGAGGTGGGAA,0.9153214,0.7269018885290494,1.0,1,p18rCdC,0.915321409702301,0.6653488613236743
312,GGCACTGCGGCTGGAGGTGGNGG,GGCACTGCTGCTAGAGGTGCAGG,0.9153214,0.4150023559165014,0.07096375528476202,3,p12rGdA|p8rGdT|p1rGdG,0.7668684353172499,0.02258437176013215
313,GGCACTGCGGCTGGAGGTGGNGG,GGCTGTGCGGCCAGAGGTGGAGG,0.9153214,0.40070548807070294,0.04602312433200674,4,p17rAdA|p16rCdC|p9rUdG|p8rGdT,0.7019310972707831,0.012944815700856812
314,GGCACTGCGGCTGGAGGTGGNGG,GACACTGAGGCAGGAGGTGGGGG,0.9153214,0.6561816788505231,0.22636337207960122,3,p19rGdT|p13rCdT|p9rUdT,0.7668684353172499,0.11390718457335003
315,GGCACTGCGGCTGGAGGTGGNGG,GGCACAATGGCTGGAGGTGAAGG,0.9153214,0.6973984158536696,0.06109075728371885,4,p15rUdT|p14rGdT|p13rCdA|p1rGdT,0.7019310972707831,0.02990549176874771
316,GGCACTGCGGCTGGAGGTGGNGG,AGCACTGGGGCTGGGGGAGGGGG,0.9153214,0.29645266170233137,0.04489066738738402,4,p20rGdT|p13rCdC|p6rAdC|p3rUdT,0.7019310972707831,0.009341269443859023
317,GGCACTGCGGCTGGAGGTGGNGG,GACACCGTGACTGGAGGTGGAGG,0.9153214,0.7363044023041875,0.0756760406337895,4,p19rGdT|p15rUdG|p13rCdA|p11rGdT,0.7019310972707831,0.03911202320951977
318,GGCACTGCGGCTGGAGGTGGNGG,GGCACTGCCACTGGGGGTGAGGG,0.9153214,0.3535403643056699,0.022254019291238915,4,p12rGdG|p11rGdT|p6rAdC|p1rGdT,0.7019310972707831,0.0055225791438227164
319,GGCACTGCGGCTGGAGGTGGNGG,CACACTGCAGCTGGAGGTGGTGG,0.9153214,1.0555643830591126,0.42478552071576775,3,p20rGdG|p19rGdT|p12rGdT,0.7668684353172499,0.3438549614176106
320,GGCACTGCGGCTGGAGGTGGNGG,AGCACTGCAGATGGAGGAGGCGG,0.9153214,0.41816846403472635,0.08687357478540851,4,p20rGdT|p12rGdT|p10rCdT|p3rUdT,0.7019310972707831,0.02549960502808911
321,GGCACTGCGGCTGGAGGTGGNGG,GGCTCTGTGGCCGGAGGAGGCGG,0.9153214,0.22713620568117474,0.030059546718595585,4,p17rAdA|p13rCdA|p9rUdG|p3rUdT,0.7019310972707831,0.004792512752024242
322,GGCACTGCGGCTGGAGGTGGNGG,GGCACTTCGGTTGGGGGTGGGGG,0.9153214,0.33031886692342527,0.05459661820085402,3,p14rGdA|p10rCdA|p6rAdC,0.7668684353172499,0.013829930102475668
323,GGCACTGCGGCTGGAGGTGGNGG,GCCACTGCGACTGGAGGAGGGGG,0.9153214,0.41369963822855504,0.10915893823559644,3,p19rGdG|p11rGdT|p3rUdT,0.7668684353172499,0.0346310218372342
324,GGCACTGCGGCTGGAGGTGGNGG,GGCGCTGCGGCCGGAGGTGGGGC,0.9153214,0.7758891430728443,0.4043835631132616,2,p17rAdC|p9rUdG,0.8378132830594076,0.26286962831028643
325,GGCACTGCGGCTGGAGGTGGNGG,CCCACTGGGGCTGGAGGTGGGGG,0.9153214,0.5425314305609771,0.4520724036307803,3,p20rGdG|p19rGdG|p13rCdC,0.7668684353172499,0.18808482717484176
326,GGCACTGCGGCTGGAGGTGGNGG,GGCACTGCAGCCTGGGGGTGGGG,0.9153214,0.06949017957030416,0.00018301991369645338,6,p12rGdT|p9rUdG|p8rGdA|p6rAdC|p3rUdC|p2rGdA,0.5880871970859272,7.4793439407083655e-06
327,GGCACTGCGGCTGGAGGTGGNGG,GGTACTCTGGCTGGAGGTGGTGG,0.9153214,0.46799147184038764,0.14635248178858318,3,p18rCdA|p14rGdG|p13rCdA,0.7668684353172499,0.0525241330563757
328,GGCACTGCGGCTGGAGGTGGNGG,GGAACTGTGGCTGGAGGTGGCAG,0.9153214,0.6790596443290121,0.3365164775670786,2,p18rCdT|p13rCdA,0.8378132830594076,0.19145270094082223
329,GGCACTGCGGCTGGAGGTGGNGG,GCCACAGCGGCCGGAGGTGGCAG,0.9153214,0.8131769082042802,0.20455615505234098,3,p19rGdG|p15rUdT|p9rUdG,0.7668684353172499,0.12756115758466013
330,GGCACTGCGGCTGGAGGTGGNGG,GCCACTGTGGCTGGAGGTGGGGA,0.9153214,0.6436741786556868,0.5102619689977657,2,p19rGdG|p13rCdA,0.8378132830594076,0.2751734505091303
331,GGCACTGCGGCTGGAGGTGGNGG,GGCACGGAGGCTGGAAGTGGGGG,0.9153214,0.5388294538583659,0.09023652360574128,3,p15rUdC|p13rCdT|p5rGdT,0.7668684353172499,0.037286751243141576
332,GGCACTGCGGCTGGAGGTGGNGG,GGCACTGGGGCAGGAGATGGGGG,0.9153214,0.4107608929195109,0.09776363480487828,3,p13rCdC|p9rUdT|p4rGdT,0.7668684353172499,0.030795502264555654
333,GGCACTGCGGCTGGAGGTGGNGG,GGCACTGAATCTGGAGGTGGGGG,0.9153214,0.7175061556852179,0.16158798123925078,3,p13rCdT|p12rGdT|p11rGdA,0.7668684353172499,0.08891101107058093
334,GGCACTGCGGCTGGAGGTGGNGG,GTCACTGCGGCTGCAGATGGCGG,0.9153214,0.2762794486639439,0.09671814736404628,3,p19rGdA|p7rGdG|p4rGdT,0.7668684353172499,0.02049167277046117
335,GGCACTGCGGCTGGAGGTGGNGG,GGCTCTTCGGCTGGAGGTAGCGG,0.9153214,0.3605759596732084,0.11778593250520063,3,p17rAdA|p14rGdA|p2rGdT,0.7668684353172499,0.03256949726870956
336,GGCACTGCGGCTGGAGGTGGNGG,TGGACTGCGGCTGGAGAGGGAGG,0.9153214,0.1976932086148022,0.08482941005437353,4,p20rGdA|p18rCdC|p4rGdT|p3rUdC,0.7019310972707831,0.011771523665072482
337,GGCACTGCGGCTGGAGGTGGNGG,GGTACAGCGGCTGGGGGAGGCGG,0.9153214,0.423196589957338,0.022846285191307585,4,p18rCdA|p15rUdT|p6rAdC|p3rUdT,0.7019310972707831,0.00678659974631085
338,GGCACTGCGGCTGGAGGTGGNGG,GGCACCGCGGCCGGAGCTGTGGG,0.9153214,0.13753313206606443,0.016185449018591695,4,p15rUdG|p9rUdG|p4rGdG|p1rGdA,0.7019310972707831,0.0015625235392695061
339,GGCACTGCGGCTGGAGGTGGNGG,GGCACAGCAGGTGGAGGTGGAGG,0.9153214,0.19595212878206703,0.11726810815696588,3,p15rUdT|p12rGdT|p10rCdC,0.7668684353172499,0.017621820259689617
340,GGCACTGCGGCTGGAGGTGGNGG,AGCACTGTAGCAAGAGGTGGAGG,0.9153214,0.6521881376768123,0.03068130135532398,5,p20rGdT|p13rCdA|p12rGdT|p9rUdT|p8rGdT,0.6424925614677761,0.012856263814249225
341,GGCACTGCGGCTGGAGGTGGNGG,GGCACTGAGACCAGAGGTGGTGG,0.9153214,0.6987665182228654,0.028314875246361174,4,p13rCdT|p11rGdT|p9rUdG|p8rGdT,0.7019310972707831,0.013888048452411143
342,GGCACTGCGGCTGGAGGTGGNGG,GACACTGCAGCTGGAGGTGGGGT,0.9153214,1.0124778579793399,0.49073905728800965,2,p19rGdT|p12rGdT,0.8378132830594076,0.4162779433299619
343,GGCACTGCGGCTGGAGGTGGNGG,GACACAACGGCAGGAGGTGGCGG,0.9153214,0.7950667947986528,0.08030801535773824,4,p19rGdT|p15rUdT|p14rGdT|p9rUdT,0.7019310972707831,0.04481846647416994
344,GGCACTGCGGCTGGAGGTGGNGG,GGCGCTGCGGCTGGAGCCGGCGG,0.9153214,0.09996983423589505,0.0550084125783565,3,p17rAdC|p4rGdG|p3rUdG,0.7668684353172499,0.004217149009237811
345,GGCACTGCGGCTGGAGGTGGNGG,CAGACTGCGGCAGGGGGTGGCGG,0.9153214,0.49021909794776425,0.10099286136920797,5,p20rGdG|p19rGdT|p18rCdC|p9rUdT|p6rAdC,0.6424925614677761,0.031808926117692905
346,GGCACTGCGGCTGGAGGTGGNGG,GACACAGTGGCTGGAGGTGTGGG,0.9153214,0.6077310989512236,0.08052829186859714,4,p19rGdT|p15rUdT|p13rCdA|p1rGdA,0.7019310972707831,0.034352190146028555
347,GGCACTGCGGCTGGAGGTGGNGG,GTAACTGCGGCTGGCGGTGGTGG,0.9153214,0.19651726394534974,0.46823466287348636,3,p19rGdA|p18rCdT|p6rAdG,0.7668684353172499,0.0705643153548707
348,GGCACTGCGGCTGGAGGTGGNGG,GGCACTCTGGCTGGAGCTGGGGG,0.9153214,0.09295461981009442,0.1425040004721884,3,p14rGdG|p13rCdA|p4rGdG,0.7668684353172499,0.010158250018036823
349,GGCACTGCGGCTGGAGGTGGNGG,GGCCCTGGGGCTGGAGGTGTTGG,0.9153214,0.2662907295755809,0.13220917971588736,3,p17rAdG|p13rCdC|p1rGdA,0.7668684353172499,0.026998430657438413
350,GGCACTGCGGCTGGAGGTGGNGG,AGCACTGGGGATGGAGGTGTAGG,0.9153214,0.37147388377791035,0.1121791170768026,4,p20rGdT|p13rCdC|p10rCdT|p1rGdA,0.7019310972707831,0.029250600546288037
351,GGCACTGCGGCTGGAGGTGGNGG,AACACTGTGGCCGGGGGTGGTGG,0.9153214,0.6724636232075071,0.052978318687669106,5,p20rGdT|p19rGdT|p13rCdA|p9rUdG|p6rAdC,0.6424925614677761,0.022889434942387113
352,GGCACTGCGGCTGGAGGTGGNGG,GGCAGGGCGGCTGGAGGAGGTGG,0.9153214,0.29378010274918454,0.15302288686879553,3,p16rCdC|p15rUdC|p3rUdT,0.7668684353172499,0.034474631419969794
353,GGCACTGCGGCTGGAGGTGGNGG,GGGGCTGCGGCCGGAGGTGGTGG,0.9153214,0.5639952833888363,0.22056033747169107,3,p18rCdC|p17rAdC|p9rUdG,0.7668684353172499,0.09539459137073658
354,GGCACTGCGGCTGGAGGTGGNGG,GGCACTGCAGACGGAGGTGTGGG,0.9153214,0.4899493150283129,0.035559557740086845,4,p12rGdT|p10rCdT|p9rUdG|p1rGdA,0.7019310972707831,0.012229310982543208
355,GGCACTGCGGCTGGAGGTGGNGG,TACACTGCGGCCGGGAGTGGTGG,0.9153214,0.7149920686328393,0.0421082068340033,5,p20rGdA|p19rGdT|p9rUdG|p6rAdC|p5rGdT,0.6424925614677761,0.019343545335459372
356,GGCACTGCGGCTGGAGGTGGNGG,GGCACTGTGGCAAGAGGTGGGAG,0.9153214,0.5935454338372536,0.0772296371838927,3,p13rCdA|p9rUdT|p8rGdT,0.7668684353172499,0.03515271112241577
357,GGCACTGCGGCTGGAGGTGGNGG,GCCACCGCGGCAGGAGGCGGAGG,0.9153214,0.4187110303658545,0.05812504686813307,4,p19rGdG|p15rUdG|p9rUdT|p3rUdG,0.7019310972707831,0.017083317054539155
358,GGCACTGCGGCTGGAGGTGGNGG,GGCACTGGGGCTGGGGGTGCAGG,0.9153214,0.31688009827099906,0.06492881963867961,3,p13rCdC|p6rAdC|p1rGdG,0.7668684353172499,0.01577805022610658
359,GGCACTGCGGCTGGAGGTGGNGG,GGCACTGCGGGAGGAGGTGGGCG,0.9153214,0.15331281561859159,0.24770416018792896,2,p10rCdC|p9rUdT,0.8378132830594076,0.03181698343212463
360,GGCACTGCGGCTGGAGGTGGNGG,GGCGCAGCGGCTGGAGGAGGTGC,0.9153214,0.44993360525502085,0.11702486163830439,3,p17rAdC|p15rUdT|p3rUdT,0.7668684353172499,0.04037824420014598
361,GGCACTGCGGCTGGAGGTGGNGG,GGCCCTGCGGCTGGAGATATGGG,0.9153214,0.28851262626137997,0.008261775654408174,4,p17rAdG|p4rGdT|p2rGdT|p1rGdA,0.7019310972707831,0.001673141628950617
362,GGCACTGCGGCTGGAGGTGGNGG,AGCACAGCGGCTGGAGAAGGCAG,0.9153214,0.5261869028437783,0.05958421271464815,4,p20rGdT|p15rUdT|p4rGdT|p3rUdT,0.7019310972707831,0.022007247239231045
363,GGCACTGCGGCTGGAGGTGGNGG,TGCACTGCAGCTGCAGGTGGAGG,0.9153214,0.3407273835678204,0.2097514323441148,3,p20rGdA|p12rGdT|p7rGdG,0.7668684353172499,0.05480659684906526
364,GGCACTGCGGCTGGAGGTGGNGG,GGCACTGCAGCAGGGGATGGGGG,0.9153214,0.5177242800693046,0.009946000627889005,4,p12rGdT|p9rUdT|p6rAdC|p4rGdT,0.7019310972707831,0.0036144439824192386
365,GGCACTGCGGCTGGAGGTGGNGG,AGCACTGCGCTTGGGGGTGGGGG,0.9153214,0.3744058113890605,0.04484591263625418,4,p20rGdT|p11rGdG|p10rCdA|p6rAdC,0.7019310972707831,0.011785823440138553
366,GGCACTGCGGCTGGAGGTGGNGG,GGAACGGCGGCCGGAGGTGTAGG,0.9153214,0.479735658383343,0.04825751737118551,4,p18rCdT|p15rUdC|p9rUdG|p1rGdA,0.7019310972707831,0.016250302854466523
367,GGCACTGCGGCTGGAGGTGGNGG,GGCACTGGGGCTGGAGACGGGGG,0.9153214,0.3315854199858137,0.06550986298316581,3,p13rCdC|p4rGdT|p3rUdG,0.7668684353172499,0.0166580046719576
368,GGCACTGCGGCTGGAGGTGGNGG,GGCACTGAGAAAGGAGGTGGAGG,0.9153214,0.4133306427456428,0.03717303353631806,4,p13rCdT|p11rGdT|p10rCdT|p9rUdT,0.7019310972707831,0.010784998525275294
369,GGCACTGCGGCTGGAGGTGGNGG,GACACTAGGGCAGGAGGTGGAGG,0.9153214,0.4792962946894682,0.09311746011919705,4,p19rGdT|p14rGdT|p13rCdC|p9rUdT,0.7019310972707831,0.03132778404380915
370,GGCACTGCGGCTGGAGGTGGNGG,GGCACTACAGCTGGAGGTGGCAA,0.9153214,0.9338954926686249,0.4383562297056227,2,p14rGdT|p12rGdT,0.8378132830594076,0.34298308617715817
371,GGCACTGCGGCTGGAGGTGGNGG,GACACTGTGGCTGGAAGTGGAAG,0.9153214,0.6909116652363763,0.22338485523394427,3,p19rGdT|p13rCdA|p5rGdT,0.7668684353172499,0.11835786258992516
372,GGCACTGCGGCTGGAGGTGGNGG,GGCACTGGGTCTGAAGGTGGAGG,0.9153214,0.41601657779128864,0.06863406425781214,3,p13rCdC|p11rGdA|p7rGdT,0.7668684353172499,0.021896324290030664
373,GGCACTGCGGCTGGAGGTGGNGG,GGCACAGGGGCTGAAGGTGATGG,0.9153214,0.4359777926136338,0.023705145625739776,4,p15rUdT|p13rCdC|p7rGdT|p1rGdT,0.7019310972707831,0.007254399674581419
374,GGCACTGCGGCTGGAGGTGGNGG,CCCACTGTGGCTGGAGGTGTGGG,0.9153214,0.5026423133175453,0.19660060978726462,4,p20rGdG|p19rGdG|p13rCdA|p1rGdA,0.7019310972707831,0.06936468032987571
375,GGCACTGCGGCTGGAGGTGGNGG,TGCTCTGCGGCAGGAGGAGGAGG,0.9153214,0.25882223493276696,0.08008218590425493,4,p20rGdA|p17rAdA|p9rUdT|p3rUdT,0.7019310972707831,0.014548961184159862
376,GGCACTGCGGCTGGAGGTGGNGG,AGCACAGAGGCTGGAGGTGGGGT,0.9153214,0.9343514514958403,0.2436650761956098,3,p20rGdT|p15rUdT|p13rCdT,0.7668684353172499,0.17459202994047446
377,GGCACTGCGGCTGGAGGTGGNGG,GGCAGTCCGGATGGAGGTGGGGG,0.9153214,0.3244635809209156,0.11093000364966164,3,p16rCdC|p14rGdG|p10rCdT,0.7668684353172499,0.027601700973234982
378,GGCACTGCGGCTGGAGGTGGNGG,AAGACTGGGGCTGGAGGTGGGGG,0.9153214,0.5256519094459456,0.26898368349400664,4,p20rGdT|p19rGdT|p18rCdC|p13rCdC,0.7019310972707831,0.09924729208057477
379,GGCACTGCGGCTGGAGGTGGNGG,GACACTAAGGCTGGAGGTGGGGA,0.9153214,0.806680120907381,0.22008823280223253,3,p19rGdT|p14rGdT|p13rCdT,0.7668684353172499,0.13615043722427705
380,GGCACTGCGGCTGGAGGTGGNGG,GGCACTGCGGCCAGAGGGAGCGG,0.9153214,0.22303066804263083,0.004149338599219126,4,p9rUdG|p8rGdT|p3rUdC|p2rGdT,0.7019310972707831,0.0006495879266865356
381,GGCACTGCGGCTGGAGGTGGNGG,GGCAGTGCGGCTGGAGCTGCGGG,0.9153214,0.08940179283708222,0.05419201839016749,3,p16rCdC|p4rGdG|p1rGdG,0.7668684353172499,0.0037153729694393224
382,GGCACTGCGGCTGGAGGTGGNGG,GGCACTGAGGCCGGAGGAGGAAG,0.9153214,0.4071630248955845,0.0740174906185365,3,p13rCdT|p9rUdG|p3rUdT,0.7668684353172499,0.02311125619371721
383,GGCACTGCGGCTGGAGGTGGNGG,GGCACTGGGAATGGAGGTTGGGG,0.9153214,0.2938766887637621,0.03105708232265617,4,p13rCdC|p11rGdT|p10rCdT|p2rGdA,0.7019310972707831,0.006406491794045566
384,GGCACTGCGGCTGGAGGTGGNGG,GGCACTGGGGCAGGAGTTGGGGG,0.9153214,0.1960411356362545,0.09776363480487828,3,p13rCdC|p9rUdT|p4rGdA,0.7668684353172499,0.014697565762705972
385,GGCACTGCGGCTGGAGGTGGNGG,AGCTCTGTGGCTGGAGGTGTGAG,0.9153214,0.38156367398843377,0.11386948141503435,4,p20rGdT|p17rAdA|p13rCdA|p1rGdA,0.7019310972707831,0.0304978235767678
386,GGCACTGCGGCTGGAGGTGGNGG,GGCCCTGCGGCCGGGGGTGGAGA,0.9153214,0.43332401162689893,0.06428156574754113,3,p17rAdG|p9rUdG|p6rAdC,0.7668684353172499,0.021360925437761465
387,GGCACTGCGGCTGGAGGTGGNGG,AGCACTGGGGCCAGAGGTGAGGG,0.9153214,0.6092868307949078,0.018042801614233814,5,p20rGdT|p13rCdC|p9rUdG|p8rGdT|p1rGdT,0.6424925614677761,0.00706307583504156
388,GGCACTGCGGCTGGAGGTGGNGG,AGCACAGCAGCTGCAGGTGGGGG,0.9153214,0.37444983865490694,0.06987381672627319,4,p20rGdT|p15rUdT|p12rGdT|p7rGdG,0.7019310972707831,0.018365493270845083
389,GGCACTGCGGCTGGAGGTGGNGG,AGCACCGCTGCTGGGGGCGGGGG,0.9153214,0.37024545507540396,0.0181019916825906,5,p20rGdT|p15rUdG|p12rGdA|p6rAdC|p3rUdG,0.6424925614677761,0.004306100890894564
390,GGCACTGCGGCTGGAGGTGGNGG,AGCACTGCAGCGGGAGGTGAGAG,0.9153214,0.428925748141371,0.09350894342897029,4,p20rGdT|p12rGdT|p9rUdC|p1rGdT,0.7019310972707831,0.028153328671984605
391,GGCACTGCGGCTGGAGGTGGNGG,TGCACCGCGGCTGGGGCTGGAGG,0.9153214,0.1633685958232927,0.06609332696723078,4,p20rGdA|p15rUdG|p6rAdC|p4rGdG,0.7019310972707831,0.0075791529796693366
392,GGCACTGCGGCTGGAGGTGGNGG,GGCACCGAGGCCGGAGGTGCTGG,0.9153214,0.49629674487170017,0.03918199971656065,4,p15rUdG|p13rCdT|p9rUdG|p1rGdG,0.7019310972707831,0.013649681164151386
393,GGCACTGCGGCTGGAGGTGGNGG,GGCACCTTGGCTGAAGGTGGGGG,0.9153214,0.4450605568478385,0.041147978570390646,4,p15rUdG|p14rGdA|p13rCdA|p7rGdT,0.7019310972707831,0.012854704424239591
394,GGCACTGCGGCTGGAGGTGGNGG,CAGGCTGCGCCTGGAGGTGGGGG,0.9153214,0.5074313513397203,0.1281117285627795,5,p20rGdG|p19rGdT|p18rCdC|p17rAdC|p11rGdG,0.6424925614677761,0.04176709703558293
395,GGCACTGCGGCTGGAGGTGGNGG,AGAACTGCTGCTGGAGGTGGTGG,0.9153214,0.6488042369912673,0.3329464884419619,3,p20rGdT|p18rCdT|p12rGdA,0.7668684353172499,0.1656566896448251
396,GGCACTGCGGCTGGAGGTGGNGG,GGCGCTGCGGCCCGAGGGGGTGG,0.9153214,0.11500109540372772,0.01885831143582717,4,p17rAdC|p9rUdG|p8rGdG|p3rUdC,0.7019310972707831,0.0015222965525816222
397,GGCACTGCGGCTGGAGGTGGNGG,AGCACAGCGACTGAAGGTGAGGG,0.9153214,0.7322687039910806,0.021250368173708182,5,p20rGdT|p15rUdT|p11rGdT|p7rGdT|p1rGdT,0.6424925614677761,0.009997813617669372
398,GGCACTGCGGCTGGAGGTGGNGG,AGCACCATGGCTAGAGGTGTGGG,0.9153214,0.6232445244532804,0.011865350122825882,6,p20rGdT|p15rUdG|p14rGdT|p13rCdA|p8rGdT|p1rGdA,0.5880871970859272,0.004348913346640439
399,GGCACTGCGGCTGGAGGTGGNGG,GCCACTGGGGCTGGAGGGGGAGG,0.9153214,0.15781262237975183,0.17364873260330269,3,p19rGdG|p13rCdC|p3rUdC,0.7668684353172499,0.021015233356942567
400,GGCACTGCGGCTGGAGGTGGNGG,GGCACCAGGCCTGGAGGTGTGGG,0.9153214,0.3502335394738904,0.023971663359549443,5,p15rUdG|p14rGdT|p13rCdC|p11rGdG|p1rGdA,0.6424925614677761,0.005394162273238354
401,GGCACTGCGGCTGGAGGTGGNGG,GGCACTGAGGCTGCAGGCGGCGG,0.9153214,0.1697396634186126,0.03945522064535084,3,p13rCdT|p7rGdG|p3rUdG,0.7668684353172499,0.005135806770243243
402,GGCACTGCGGCTGGAGGTGGNGG,GCTGCTGCGGCTGGAGGTGGGGA,0.9153214,0.6745242032405336,0.43304908012562404,3,p19rGdG|p18rCdA|p17rAdC,0.7668684353172499,0.22400386944110476
403,GGCACTGCGGCTGGAGGTGGNGG,GCCACTGGGCCTGGGGGTGGGGG,0.9153214,0.3248385255417469,0.05480227932114154,4,p19rGdG|p13rCdC|p11rGdG|p6rAdC,0.7019310972707831,0.0124957013120094
404,GGCACTGCGGCTGGAGGTGGNGG,GCCACTGAGGCCGGAGGTGGAGA,0.9153214,0.643405910929253,0.22636337207960122,3,p19rGdG|p13rCdT|p9rUdG,0.7668684353172499,0.11168942720282475
405,GGCACTGCGGCTGGAGGTGGNGG,GGCACTGCAGCTGGCGGTGCTGG,0.9153214,0.14252896052889888,0.07745815055756844,3,p12rGdT|p6rAdG|p1rGdG,0.7668684353172499,0.008466250289211868
406,GGCACTGCGGCTGGAGGTGGNGG,GGGCACGCGGCTGGAGGAGGGGG,0.9153214,0.1817738584631958,0.022381008653534654,5,p18rCdC|p17rAdG|p16rCdT|p15rUdG|p3rUdT,0.6424925614677761,0.002613841115219897
407,GGCACTGCGGCTGGAGGTGGNGG,GGCACTGCAACTGGAAGTGATGG,0.9153214,0.7264246473002198,0.024013875664287872,4,p12rGdT|p11rGdT|p5rGdT|p1rGdT,0.7019310972707831,0.01224467639624653
408,GGCACTGCGGCTGGAGGTGGNGG,CACACTGCGGCCGGAGGTGACCG,0.9153214,0.9512097026643775,0.16742016410949465,4,p20rGdG|p19rGdT|p9rUdG|p1rGdT,0.7019310972707831,0.11178370965917882
409,GGCACTGCGGCTGGAGGTGGNGG,AGCACTGTTACAGGAGGTGGGGG,0.9153214,0.39834668393212863,0.04640781204977492,5,p20rGdT|p13rCdA|p12rGdA|p11rGdT|p9rUdT,0.6424925614677761,0.011877373228115844
410,GGCACTGCGGCTGGAGGTGGNGG,GGCACAGGGGCTGGAGGTGGGGC,0.9153214,0.6311179596441142,0.3608188626633345,2,p15rUdT|p13rCdC,0.8378132830594076,0.19078622452718852
411,GGCACTGCGGCTGGAGGTGGNGG,GGGCATGCGGCTGGAAGTGGTGG,0.9153214,0.29342998149076394,0.0725938382982087,4,p18rCdC|p17rAdG|p16rCdT|p5rGdT,0.7019310972707831,0.014951980745577095
412,GGCACTGCGGCTGGAGGTGGNGG,GACACTGCCTCTGGGGGTGGGGG,0.9153214,0.39061207537661835,0.051200763941889084,4,p19rGdT|p12rGdG|p11rGdA|p6rAdC,0.7019310972707831,0.014038366908725643
